NEM,Sıcaklık,Hava Durumu
68.00,19.60,Bulutlu
68.00,19.50,Bulutlu
68.00,19.50,Bulutlu
68.00,19.50,Bulutlu
68.00,19.50,Bulutlu
68.00,19.50,Bulutlu
68.00,19.50,Bulutlu
68.00,19.50,Bulutlu
68.00,19.50,Bulutlu
68.00,19.50,Bulutlu
68.00,19.50,Bulutlu
68.00,19.50,Bulutlu
68.00,19.50,Bulutlu
68.00,19.60,Bulutlu
68.00,19.60,Bulutlu
68.00,19.70,Bulutlu
68.00,19.70,Bulutlu
68.00,19.60,Bulutlu
68.00,19.60,Bulutlu
68.00,19.60,Bulutlu
68.00,19.60,Bulutlu
68.00,19.60,Bulutlu
68.00,19.60,Bulutlu
68.00,19.60,Bulutlu
68.00,19.60,Bulutlu
67.00,19.60,Bulutlu
67.00,19.60,Bulutlu
67.00,19.60,Bulutlu
67.00,19.60,Bulutlu
67.00,19.70,Bulutlu
67.00,19.70,Bulutlu
68.00,19.70,Bulutlu
68.00,19.70,Bulutlu
68.00,19.70,Bulutlu
68.00,19.70,Bulutlu
67.00,19.70,Bulutlu
67.00,19.70,Bulutlu
67.00,19.70,Bulutlu
67.00,19.70,Bulutlu
67.00,19.70,Bulutlu
67.00,19.70,Bulutlu
68.00,19.70,Bulutlu
68.00,19.70,Bulutlu
67.00,19.90,Bulutlu
67.00,19.90,Bulutlu
67.00,19.80,Bulutlu
67.00,19.80,Bulutlu
67.00,19.80,Bulutlu
67.00,19.80,Bulutlu
67.00,19.80,Bulutlu
67.00,19.80,Bulutlu
67.00,19.80,Bulutlu
67.00,19.80,Bulutlu
67.00,19.80,Bulutlu
67.00,19.80,Bulutlu
67.00,19.80,Bulutlu
67.00,19.80,Bulutlu
67.00,19.80,Bulutlu
67.00,19.80,Bulutlu
67.00,19.80,Bulutlu
67.00,19.80,Bulutlu
67.00,19.80,Bulutlu
67.00,19.80,Bulutlu
67.00,19.80,Bulutlu
67.00,19.80,Bulutlu
64.00,19.80,Bulutlu
64.00,19.80,Bulutlu
64.00,19.80,Bulutlu
64.00,19.80,Bulutlu
63.00,19.80,Bulutlu
63.00,19.80,Bulutlu
64.00,19.70,Bulutlu
64.00,19.70,Bulutlu
64.00,19.80,Bulutlu
64.00,19.80,Bulutlu
63.00,19.80,Bulutlu
63.00,19.80,Bulutlu
64.00,19.80,Bulutlu
64.00,19.80,Bulutlu
63.00,19.80,Bulutlu
63.00,19.80,Bulutlu
63.00,19.80,Bulutlu
63.00,19.80,Bulutlu
63.00,19.80,Bulutlu
63.00,19.80,Bulutlu
63.00,19.80,Bulutlu
63.00,19.80,Bulutlu
63.00,19.80,Bulutlu
63.00,19.80,Bulutlu
63.00,19.80,Bulutlu
63.00,19.80,Bulutlu
63.00,19.90,Bulutlu
63.00,19.90,Bulutlu
63.00,19.80,Bulutlu
63.00,19.80,Bulutlu
63.00,19.90,Bulutlu
63.00,19.90,Bulutlu
66.00,19.90,Bulutlu
66.00,19.90,Bulutlu
66.00,19.90,Bulutlu
66.00,19.90,Bulutlu
63.00,19.90,Bulutlu
63.00,19.90,Bulutlu
66.00,19.90,Bulutlu
66.00,19.90,Bulutlu
66.00,19.90,Bulutlu
66.00,19.90,Bulutlu
63.00,19.80,Bulutlu
63.00,19.80,Bulutlu
66.00,19.90,Bulutlu
66.00,19.90,Bulutlu
66.00,19.80,Bulutlu
66.00,19.80,Bulutlu
63.00,19.70,Bulutlu
63.00,19.70,Bulutlu
63.00,19.80,Bulutlu
63.00,19.80,Bulutlu
64.00,19.80,Bulutlu
64.00,19.80,Bulutlu
63.00,19.80,Bulutlu
63.00,19.80,Bulutlu
64.00,19.80,Bulutlu
64.00,19.80,Bulutlu
63.00,19.80,Bulutlu
63.00,19.80,Bulutlu
64.00,19.80,Bulutlu
64.00,19.80,Bulutlu
67.00,19.80,Bulutlu
67.00,19.80,Bulutlu
63.00,19.80,Bulutlu
63.00,19.80,Bulutlu
64.00,19.80,Bulutlu
64.00,19.80,Bulutlu
64.00,19.90,Bulutlu
64.00,19.90,Bulutlu
64.00,19.90,Bulutlu
64.00,19.90,Bulutlu
63.00,19.80,Bulutlu
63.00,19.80,Bulutlu
64.00,19.90,Bulutlu
64.00,19.90,Bulutlu
63.00,19.80,Bulutlu
63.00,19.80,Bulutlu
67.00,19.90,Bulutlu
67.00,19.90,Bulutlu
67.00,19.90,Bulutlu
67.00,19.90,Bulutlu
64.00,19.80,Bulutlu
64.00,19.80,Bulutlu
67.00,19.90,Bulutlu
67.00,19.90,Bulutlu
67.00,19.90,Bulutlu
67.00,19.90,Bulutlu
64.00,19.90,Bulutlu
64.00,19.90,Bulutlu
67.00,19.90,Bulutlu
67.00,19.90,Bulutlu
67.00,19.90,Bulutlu
67.00,19.90,Bulutlu
64.00,19.90,Bulutlu
64.00,19.90,Bulutlu
67.00,19.90,Bulutlu
67.00,19.90,Bulutlu
67.00,19.90,Bulutlu
67.00,19.90,Bulutlu
64.00,19.90,Bulutlu
64.00,19.90,Bulutlu
67.00,19.90,Bulutlu
67.00,19.90,Bulutlu
67.00,19.90,Bulutlu
67.00,19.90,Bulutlu
63.00,19.90,Bulutlu
63.00,19.90,Bulutlu
66.00,19.90,Bulutlu
66.00,19.90,Bulutlu
66.00,19.90,Bulutlu
66.00,19.90,Bulutlu
63.00,19.90,Bulutlu
63.00,19.90,Bulutlu
66.00,19.90,Bulutlu
66.00,19.90,Bulutlu
66.00,19.80,Bulutlu
66.00,19.80,Bulutlu
63.00,19.80,Bulutlu
63.00,19.80,Bulutlu
66.00,19.80,Bulutlu
66.00,19.80,Bulutlu
66.00,19.80,Bulutlu
66.00,19.80,Bulutlu
63.00,19.80,Bulutlu
63.00,19.80,Bulutlu
66.00,19.80,Bulutlu
66.00,19.80,Bulutlu
66.00,19.70,Bulutlu
66.00,19.70,Bulutlu
63.00,19.70,Bulutlu
63.00,19.70,Bulutlu
66.00,19.70,Bulutlu
66.00,19.70,Bulutlu
67.00,19.70,Bulutlu
67.00,19.70,Bulutlu
63.00,19.70,Bulutlu
63.00,19.70,Bulutlu
66.00,19.70,Bulutlu
66.00,19.70,Bulutlu
67.00,19.70,Bulutlu
67.00,19.70,Bulutlu
63.00,19.70,Bulutlu
63.00,19.70,Bulutlu
67.00,19.70,Bulutlu
67.00,19.70,Bulutlu
67.00,19.70,Bulutlu
67.00,19.70,Bulutlu
64.00,19.70,Bulutlu
64.00,19.70,Bulutlu
67.00,19.70,Bulutlu
67.00,19.70,Bulutlu
67.00,19.70,Bulutlu
67.00,19.70,Bulutlu
64.00,19.70,Bulutlu
64.00,19.70,Bulutlu
67.00,19.70,Bulutlu
67.00,19.70,Bulutlu
67.00,19.70,Bulutlu
67.00,19.70,Bulutlu
64.00,19.70,Bulutlu
64.00,19.70,Bulutlu
67.00,19.70,Bulutlu
67.00,19.70,Bulutlu
64.00,19.70,Bulutlu
64.00,19.70,Bulutlu
67.00,19.70,Bulutlu
67.00,19.70,Bulutlu
67.00,19.70,Bulutlu
67.00,19.70,Bulutlu
64.00,19.60,Bulutlu
64.00,19.60,Bulutlu
67.00,19.60,Bulutlu
67.00,19.60,Bulutlu
67.00,19.70,Bulutlu
67.00,19.70,Bulutlu
64.00,19.60,Bulutlu
64.00,19.60,Bulutlu
67.00,19.60,Bulutlu
67.00,19.60,Bulutlu
67.00,19.60,Bulutlu
67.00,19.60,Bulutlu
64.00,19.60,Bulutlu
64.00,19.60,Bulutlu
64.00,19.60,Bulutlu
64.00,19.60,Bulutlu
67.00,19.60,Bulutlu
67.00,19.60,Bulutlu
67.00,19.60,Bulutlu
67.00,19.60,Bulutlu
64.00,19.60,Bulutlu
64.00,19.60,Bulutlu
67.00,19.60,Bulutlu
67.00,19.60,Bulutlu
67.00,19.60,Bulutlu
67.00,19.60,Bulutlu
64.00,19.60,Bulutlu
64.00,19.60,Bulutlu
67.00,19.60,Bulutlu
67.00,19.60,Bulutlu
67.00,19.60,Bulutlu
67.00,19.60,Bulutlu
64.00,19.60,Bulutlu
64.00,19.60,Bulutlu
67.00,19.60,Bulutlu
67.00,19.60,Bulutlu
67.00,19.60,Bulutlu
67.00,19.60,Bulutlu
64.00,19.60,Bulutlu
64.00,19.60,Bulutlu
67.00,19.60,Bulutlu
67.00,19.60,Bulutlu
67.00,19.60,Bulutlu
67.00,19.60,Bulutlu
64.00,19.60,Bulutlu
64.00,19.60,Bulutlu
67.00,19.70,Bulutlu
67.00,19.70,Bulutlu
67.00,19.70,Bulutlu
67.00,19.70,Bulutlu
64.00,19.60,Bulutlu
64.00,19.60,Bulutlu
67.00,19.70,Bulutlu
67.00,19.70,Bulutlu
67.00,19.70,Bulutlu
67.00,19.70,Bulutlu
64.00,19.70,Bulutlu
64.00,19.70,Bulutlu
67.00,19.70,Bulutlu
67.00,19.70,Bulutlu
67.00,19.70,Bulutlu
67.00,19.70,Bulutlu
64.00,19.70,Bulutlu
64.00,19.70,Bulutlu
67.00,19.70,Bulutlu
67.00,19.70,Bulutlu
67.00,19.70,Bulutlu
67.00,19.70,Bulutlu
64.00,19.70,Bulutlu
64.00,19.70,Bulutlu
67.00,19.80,Bulutlu
67.00,19.80,Bulutlu
64.00,19.70,Bulutlu
64.00,19.70,Bulutlu
67.00,19.70,Bulutlu
67.00,19.70,Bulutlu
67.00,19.70,Bulutlu
67.00,19.70,Bulutlu
64.00,19.70,Bulutlu
64.00,19.70,Bulutlu
67.00,19.70,Bulutlu
67.00,19.70,Bulutlu
67.00,19.80,Bulutlu
67.00,19.80,Bulutlu
67.00,19.80,Bulutlu
67.00,19.80,Bulutlu
67.00,19.80,Bulutlu
67.00,19.80,Bulutlu
64.00,19.80,Bulutlu
64.00,19.80,Bulutlu
67.00,19.80,Bulutlu
67.00,19.80,Bulutlu
67.00,19.70,Bulutlu
67.00,19.70,Bulutlu
64.00,19.80,Bulutlu
64.00,19.80,Bulutlu
67.00,19.80,Bulutlu
67.00,19.80,Bulutlu
64.00,19.80,Bulutlu
64.00,19.80,Bulutlu
67.00,19.80,Bulutlu
67.00,19.80,Bulutlu
67.00,19.70,Bulutlu
67.00,19.70,Bulutlu
64.00,19.80,Bulutlu
64.00,19.80,Bulutlu
67.00,19.80,Bulutlu
67.00,19.80,Bulutlu
64.00,19.80,Bulutlu
64.00,19.80,Bulutlu
67.00,19.80,Bulutlu
67.00,19.80,Bulutlu
67.00,19.80,Bulutlu
67.00,19.80,Bulutlu
64.00,19.70,Bulutlu
64.00,19.70,Bulutlu
67.00,19.70,Bulutlu
67.00,19.70,Bulutlu
64.00,19.80,Bulutlu
64.00,19.80,Bulutlu
64.00,19.80,Bulutlu
64.00,19.80,Bulutlu
67.00,19.80,Bulutlu
67.00,19.80,Bulutlu
67.00,19.80,Bulutlu
67.00,19.80,Bulutlu
67.00,19.80,Bulutlu
67.00,19.80,Bulutlu
67.00,19.80,Bulutlu
67.00,19.80,Bulutlu
64.00,19.90,Bulutlu
64.00,19.90,Bulutlu
64.00,19.90,Bulutlu
64.00,19.90,Bulutlu
64.00,19.90,Bulutlu
64.00,19.90,Bulutlu
63.00,19.90,Bulutlu
63.00,19.90,Bulutlu
63.00,19.90,Bulutlu
63.00,19.90,Bulutlu
63.00,20.00,Bulutlu
63.00,20.00,Bulutlu
63.00,20.00,Bulutlu
63.00,20.00,Bulutlu
63.00,20.00,Bulutlu
63.00,20.00,Bulutlu
63.00,20.20,Bulutlu
63.00,20.20,Bulutlu
62.00,20.20,Bulutlu
62.00,20.20,Bulutlu
63.00,20.20,Bulutlu
63.00,20.20,Bulutlu
63.00,20.20,Bulutlu
63.00,20.20,Bulutlu
63.00,20.20,Bulutlu
63.00,20.20,Bulutlu
63.00,20.20,Bulutlu
63.00,20.20,Bulutlu
63.00,20.20,Bulutlu
63.00,20.20,Bulutlu
63.00,20.20,Bulutlu
63.00,20.20,Bulutlu
63.00,20.20,Bulutlu
63.00,20.20,Bulutlu
64.00,20.20,Bulutlu
64.00,20.20,Bulutlu
63.00,20.00,Bulutlu
63.00,20.00,Bulutlu
63.00,20.20,Bulutlu
63.00,20.20,Bulutlu
64.00,20.20,Bulutlu
64.00,20.20,Bulutlu
64.00,20.20,Bulutlu
64.00,20.20,Bulutlu
63.00,20.20,Bulutlu
63.00,20.20,Bulutlu
63.00,20.30,Bulutlu
63.00,20.30,Bulutlu
63.00,20.30,Bulutlu
63.00,20.30,Bulutlu
63.00,20.20,Bulutlu
63.00,20.20,Bulutlu
63.00,20.30,Bulutlu
63.00,20.30,Bulutlu
63.00,20.30,Bulutlu
63.00,20.30,Bulutlu
63.00,20.30,Bulutlu
63.00,20.30,Bulutlu
63.00,20.40,Bulutlu
63.00,20.40,Bulutlu
62.00,20.30,Bulutlu
62.00,20.30,Bulutlu
63.00,20.30,Bulutlu
63.00,20.30,Bulutlu
62.00,20.40,Bulutlu
62.00,20.40,Bulutlu
65.00,20.20,Bulutlu
65.00,20.20,Bulutlu
63.00,20.30,Bulutlu
63.00,20.30,Bulutlu
65.00,20.30,Bulutlu
65.00,20.30,Bulutlu
63.00,20.30,Bulutlu
63.00,20.30,Bulutlu
63.00,20.40,Bulutlu
63.00,20.40,Bulutlu
65.00,20.40,Bulutlu
65.00,20.40,Bulutlu
65.00,20.30,Bulutlu
65.00,20.30,Bulutlu
62.00,20.30,Bulutlu
62.00,20.30,Bulutlu
66.00,20.30,Bulutlu
66.00,20.30,Bulutlu
63.00,20.20,Bulutlu
63.00,20.20,Bulutlu
63.00,20.30,Bulutlu
63.00,20.30,Bulutlu
66.00,20.30,Bulutlu
66.00,20.30,Bulutlu
62.00,20.20,Bulutlu
62.00,20.20,Bulutlu
66.00,20.20,Bulutlu
66.00,20.20,Bulutlu
66.00,20.30,Bulutlu
66.00,20.30,Bulutlu
62.00,20.20,Bulutlu
62.00,20.20,Bulutlu
66.00,20.20,Bulutlu
66.00,20.20,Bulutlu
65.00,20.20,Bulutlu
65.00,20.20,Bulutlu
62.00,20.30,Bulutlu
62.00,20.30,Bulutlu
65.00,20.20,Bulutlu
65.00,20.20,Bulutlu
66.00,20.00,Bulutlu
66.00,20.00,Bulutlu
66.00,20.00,Bulutlu
63.00,20.00,Bulutlu
63.00,20.00,Bulutlu
66.00,20.00,Bulutlu
66.00,20.00,Bulutlu
66.00,20.00,Bulutlu
66.00,20.00,Bulutlu
66.00,20.20,Bulutlu
66.00,20.20,Bulutlu
66.00,20.20,Bulutlu
66.00,20.20,Bulutlu
66.00,20.00,Bulutlu
66.00,20.00,Bulutlu
63.00,20.00,Bulutlu
63.00,20.00,Bulutlu
66.00,20.00,Bulutlu
66.00,20.00,Bulutlu
66.00,20.00,Bulutlu
66.00,20.00,Bulutlu
66.00,20.00,Bulutlu
66.00,20.00,Bulutlu
66.00,20.00,Bulutlu
66.00,20.00,Bulutlu
66.00,20.00,Bulutlu
66.00,20.00,Bulutlu
63.00,20.00,Bulutlu
63.00,20.00,Bulutlu
66.00,20.00,Bulutlu
66.00,20.00,Bulutlu
65.00,20.20,Bulutlu
65.00,20.20,Bulutlu
65.00,20.00,Bulutlu
65.00,20.00,Bulutlu
65.00,20.00,Bulutlu
65.00,20.00,Bulutlu
65.00,20.00,Bulutlu
65.00,20.00,Bulutlu
65.00,20.20,Bulutlu
65.00,20.20,Bulutlu
65.00,20.20,Bulutlu
65.00,20.20,Bulutlu
65.00,20.30,Bulutlu
65.00,20.30,Bulutlu
65.00,20.30,Bulutlu
65.00,20.30,Bulutlu
65.00,20.20,Bulutlu
65.00,20.20,Bulutlu
65.00,20.30,Bulutlu
65.00,20.30,Bulutlu
65.00,20.30,Bulutlu
65.00,20.30,Bulutlu
65.00,20.30,Bulutlu
65.00,20.30,Bulutlu
65.00,20.30,Bulutlu
65.00,20.30,Bulutlu
65.00,20.30,Bulutlu
65.00,20.30,Bulutlu
65.00,20.30,Bulutlu
65.00,20.30,Bulutlu
65.00,20.30,Bulutlu
65.00,20.30,Bulutlu
65.00,20.30,Bulutlu
65.00,20.30,Bulutlu
65.00,20.20,Bulutlu
65.00,20.20,Bulutlu
65.00,20.30,Bulutlu
65.00,20.30,Bulutlu
65.00,20.20,Bulutlu
65.00,20.20,Bulutlu
64.00,20.30,Bulutlu
64.00,20.30,Bulutlu
64.00,20.30,Bulutlu
64.00,20.30,Bulutlu
65.00,20.20,Bulutlu
65.00,20.20,Bulutlu
65.00,20.20,Bulutlu
65.00,20.20,Bulutlu
64.00,20.20,Bulutlu
64.00,20.20,Bulutlu
65.00,20.20,Bulutlu
65.00,20.20,Bulutlu
65.00,20.20,Bulutlu
65.00,20.20,Bulutlu
65.00,20.20,Bulutlu
65.00,20.20,Bulutlu
65.00,20.30,Bulutlu
65.00,20.30,Bulutlu
65.00,20.20,Bulutlu
65.00,20.20,Bulutlu
65.00,20.20,Bulutlu
65.00,20.20,Bulutlu
65.00,20.20,Bulutlu
65.00,20.20,Bulutlu
65.00,20.30,Bulutlu
65.00,20.30,Bulutlu
65.00,20.30,Bulutlu
65.00,20.30,Bulutlu
65.00,20.20,Bulutlu
65.00,20.20,Bulutlu
65.00,20.30,Bulutlu
65.00,20.30,Bulutlu
65.00,20.20,Bulutlu
65.00,20.20,Bulutlu
65.00,20.20,Bulutlu
65.00,20.20,Bulutlu
65.00,20.30,Bulutlu
65.00,20.30,Bulutlu
65.00,20.20,Bulutlu
65.00,20.20,Bulutlu
65.00,20.30,Bulutlu
65.00,20.30,Bulutlu
65.00,20.30,Bulutlu
65.00,20.30,Bulutlu
65.00,20.40,Bulutlu
65.00,20.40,Bulutlu
65.00,20.40,Bulutlu
65.00,20.40,Bulutlu
65.00,20.40,Bulutlu
65.00,20.40,Bulutlu
65.00,20.40,Bulutlu
65.00,20.40,Bulutlu
65.00,20.40,Bulutlu
65.00,20.40,Bulutlu
65.00,20.50,Bulutlu
65.00,20.50,Bulutlu
65.00,20.40,Bulutlu
65.00,20.40,Bulutlu
65.00,20.50,Bulutlu
65.00,20.50,Bulutlu
65.00,20.50,Bulutlu
65.00,20.50,Bulutlu
65.00,20.50,Bulutlu
65.00,20.50,Bulutlu
65.00,20.60,Bulutlu
65.00,20.60,Bulutlu
65.00,20.60,Bulutlu
65.00,20.60,Bulutlu
64.00,20.60,Bulutlu
64.00,20.60,Bulutlu
64.00,20.60,Bulutlu
64.00,20.60,Bulutlu
64.00,20.70,Bulutlu
64.00,20.70,Bulutlu
64.00,20.60,Bulutlu
64.00,20.60,Bulutlu
64.00,20.70,Bulutlu
64.00,20.70,Bulutlu
64.00,20.80,Bulutlu
64.00,20.80,Bulutlu
64.00,20.70,Bulutlu
64.00,20.70,Bulutlu
64.00,20.80,Bulutlu
64.00,20.80,Bulutlu
64.00,20.70,Bulutlu
64.00,20.70,Bulutlu
64.00,20.70,Bulutlu
64.00,20.70,Bulutlu
64.00,20.80,Bulutlu
64.00,20.80,Bulutlu
63.00,20.80,Bulutlu
63.00,20.80,Bulutlu
63.00,20.70,Bulutlu
63.00,20.70,Bulutlu
63.00,20.70,Bulutlu
63.00,20.70,Bulutlu
63.00,20.70,Bulutlu
63.00,20.70,Bulutlu
63.00,20.80,Bulutlu
63.00,20.80,Bulutlu
63.00,20.70,Bulutlu
63.00,20.70,Bulutlu
63.00,20.80,Bulutlu
63.00,20.80,Bulutlu
63.00,20.70,Bulutlu
63.00,20.70,Bulutlu
63.00,20.70,Bulutlu
63.00,20.70,Bulutlu
63.00,20.70,Bulutlu
63.00,20.70,Bulutlu
63.00,20.80,Bulutlu
63.00,20.80,Bulutlu
63.00,20.70,Bulutlu
63.00,20.70,Bulutlu
63.00,20.70,Bulutlu
63.00,20.70,Bulutlu
63.00,20.80,Bulutlu
63.00,20.80,Bulutlu
63.00,20.80,Bulutlu
63.00,20.80,Bulutlu
63.00,20.80,Bulutlu
63.00,20.80,Bulutlu
63.00,20.90,Bulutlu
63.00,20.90,Bulutlu
63.00,20.90,Bulutlu
63.00,20.90,Bulutlu
63.00,20.80,Bulutlu
63.00,20.80,Bulutlu
63.00,20.80,Bulutlu
63.00,20.80,Bulutlu
63.00,20.90,Bulutlu
63.00,20.90,Bulutlu
63.00,20.90,Bulutlu
63.00,20.90,Bulutlu
63.00,20.90,Bulutlu
63.00,20.90,Bulutlu
63.00,20.90,Bulutlu
63.00,20.90,Bulutlu
63.00,20.90,Bulutlu
63.00,20.90,Bulutlu
63.00,20.90,Bulutlu
63.00,20.90,Bulutlu
63.00,20.90,Bulutlu
63.00,20.90,Bulutlu
63.00,20.90,Bulutlu
63.00,20.90,Bulutlu
63.00,20.80,Bulutlu
63.00,20.80,Bulutlu
63.00,20.80,Bulutlu
63.00,20.80,Bulutlu
63.00,20.90,Bulutlu
63.00,20.90,Bulutlu
63.00,20.80,Bulutlu
63.00,20.80,Bulutlu
63.00,20.90,Bulutlu
63.00,20.90,Bulutlu
63.00,20.80,Bulutlu
63.00,20.80,Bulutlu
63.00,20.80,Bulutlu
63.00,20.80,Bulutlu
63.00,20.80,Bulutlu
63.00,20.80,Bulutlu
63.00,20.90,Bulutlu
63.00,20.90,Bulutlu
63.00,20.90,Bulutlu
63.00,20.90,Bulutlu
63.00,20.80,Bulutlu
63.00,20.80,Bulutlu
63.00,20.80,Bulutlu
63.00,20.80,Bulutlu
63.00,20.90,Bulutlu
63.00,20.90,Bulutlu
63.00,20.80,Bulutlu
63.00,20.80,Bulutlu
63.00,20.90,Bulutlu
63.00,20.90,Bulutlu
63.00,20.90,Bulutlu
63.00,20.90,Bulutlu
63.00,20.90,Bulutlu
63.00,20.90,Bulutlu
63.00,20.90,Bulutlu
63.00,20.90,Bulutlu
63.00,20.90,Bulutlu
63.00,20.90,Bulutlu
63.00,20.90,Bulutlu
63.00,20.90,Bulutlu
64.00,20.90,Bulutlu
64.00,20.90,Bulutlu
64.00,20.90,Bulutlu
64.00,20.90,Bulutlu
63.00,20.90,Bulutlu
63.00,20.90,Bulutlu
63.00,20.90,Bulutlu
63.00,20.90,Bulutlu
63.00,20.90,Bulutlu
63.00,20.90,Bulutlu
63.00,20.90,Bulutlu
63.00,20.90,Bulutlu
63.00,20.90,Bulutlu
63.00,20.90,Bulutlu
63.00,20.90,Bulutlu
63.00,20.90,Bulutlu
62.00,20.80,Bulutlu
62.00,20.80,Bulutlu
62.00,20.80,Bulutlu
62.00,20.80,Bulutlu
62.00,20.80,Bulutlu
62.00,20.80,Bulutlu
62.00,20.80,Bulutlu
62.00,20.80,Bulutlu
63.00,20.80,Bulutlu
63.00,20.80,Bulutlu
63.00,20.80,Bulutlu
63.00,20.80,Bulutlu
63.00,20.80,Bulutlu
63.00,20.80,Bulutlu
63.00,20.70,Bulutlu
63.00,20.70,Bulutlu
63.00,20.70,Bulutlu
63.00,20.70,Bulutlu
63.00,20.70,Bulutlu
63.00,20.70,Bulutlu
63.00,20.70,Bulutlu
63.00,20.70,Bulutlu
63.00,20.70,Bulutlu
63.00,20.70,Bulutlu
63.00,20.80,Bulutlu
63.00,20.80,Bulutlu
63.00,20.70,Bulutlu
63.00,20.70,Bulutlu
63.00,20.60,Bulutlu
63.00,20.60,Bulutlu
63.00,20.70,Bulutlu
63.00,20.70,Bulutlu
63.00,20.70,Bulutlu
63.00,20.70,Bulutlu
63.00,20.70,Bulutlu
63.00,20.70,Bulutlu
63.00,20.80,Bulutlu
63.00,20.80,Bulutlu
63.00,20.70,Bulutlu
63.00,20.70,Bulutlu
63.00,20.70,Bulutlu
63.00,20.70,Bulutlu
63.00,20.70,Bulutlu
63.00,20.70,Bulutlu
63.00,20.70,Bulutlu
63.00,20.70,Bulutlu
63.00,20.80,Bulutlu
63.00,20.80,Bulutlu
63.00,20.80,Bulutlu
63.00,20.80,Bulutlu
63.00,20.80,Bulutlu
63.00,20.80,Bulutlu
63.00,20.80,Bulutlu
63.00,20.80,Bulutlu
63.00,20.80,Bulutlu
63.00,20.80,Bulutlu
63.00,20.90,Bulutlu
63.00,20.90,Bulutlu
63.00,20.90,Bulutlu
63.00,20.90,Bulutlu
63.00,20.90,Bulutlu
63.00,20.90,Bulutlu
63.00,20.90,Bulutlu
63.00,20.90,Bulutlu
64.00,21.00,Bulutlu
64.00,21.00,Bulutlu
63.00,20.90,Bulutlu
63.00,20.90,Bulutlu
64.00,21.00,Bulutlu
64.00,21.00,Bulutlu
64.00,21.00,Bulutlu
64.00,21.00,Bulutlu
64.00,21.20,Bulutlu
64.00,21.20,Bulutlu
64.00,21.20,Bulutlu
64.00,21.20,Bulutlu
64.00,21.20,Bulutlu
64.00,21.20,Bulutlu
63.00,21.20,Bulutlu
63.00,21.20,Bulutlu
63.00,21.20,Bulutlu
63.00,21.20,Bulutlu
64.00,21.30,Bulutlu
64.00,21.30,Bulutlu
64.00,21.30,Bulutlu
64.00,21.30,Bulutlu
64.00,21.40,Bulutlu
64.00,21.40,Bulutlu
64.00,21.40,Bulutlu
64.00,21.40,Bulutlu
64.00,21.40,Bulutlu
64.00,21.40,Bulutlu
64.00,21.40,Bulutlu
64.00,21.40,Bulutlu
64.00,21.50,Bulutlu
64.00,21.50,Bulutlu
64.00,21.50,Bulutlu
64.00,21.50,Bulutlu
64.00,21.50,Bulutlu
64.00,21.50,Bulutlu
64.00,21.60,Bulutlu
64.00,21.60,Bulutlu
64.00,21.60,Bulutlu
64.00,21.60,Bulutlu
64.00,21.70,Bulutlu
64.00,21.70,Bulutlu
64.00,21.70,Bulutlu
64.00,21.70,Bulutlu
64.00,21.70,Bulutlu
64.00,21.70,Bulutlu
64.00,21.80,Bulutlu
64.00,21.80,Bulutlu
63.00,21.80,Bulutlu
63.00,21.80,Bulutlu
64.00,21.90,Bulutlu
64.00,21.90,Bulutlu
63.00,21.90,Bulutlu
63.00,21.90,Bulutlu
63.00,21.90,Bulutlu
63.00,21.90,Bulutlu
64.00,22.00,Bulutlu
64.00,22.00,Bulutlu
64.00,22.00,Bulutlu
64.00,22.00,Bulutlu
63.00,22.00,Bulutlu
63.00,22.00,Bulutlu
62.00,21.90,Bulutlu
62.00,21.90,Bulutlu
63.00,22.00,Bulutlu
63.00,22.00,Bulutlu
63.00,22.00,Bulutlu
63.00,22.00,Bulutlu
63.00,22.00,Bulutlu
63.00,22.00,Bulutlu
63.00,22.00,Bulutlu
63.00,22.00,Bulutlu
63.00,22.00,Bulutlu
63.00,22.00,Bulutlu
62.00,22.00,Bulutlu
62.00,22.00,Bulutlu
60.00,22.00,Bulutlu
60.00,22.00,Bulutlu
60.00,22.00,Bulutlu
60.00,22.00,Bulutlu
60.00,22.00,Bulutlu
60.00,22.00,Bulutlu
60.00,22.00,Bulutlu
60.00,22.00,Bulutlu
60.00,21.90,Bulutlu
60.00,21.90,Bulutlu
60.00,21.90,Bulutlu
60.00,21.90,Bulutlu
60.00,21.90,Bulutlu
60.00,21.90,Bulutlu
60.00,21.90,Bulutlu
60.00,21.90,Bulutlu
60.00,21.90,Bulutlu
60.00,21.90,Bulutlu
61.00,22.00,Bulutlu
61.00,22.00,Bulutlu
60.00,21.90,Bulutlu
60.00,21.90,Bulutlu
60.00,21.90,Bulutlu
60.00,21.90,Bulutlu
60.00,21.90,Bulutlu
60.00,21.90,Bulutlu
60.00,21.90,Bulutlu
60.00,21.90,Bulutlu
60.00,21.90,Bulutlu
60.00,21.90,Bulutlu
60.00,21.80,Bulutlu
60.00,21.80,Bulutlu
60.00,21.90,Bulutlu
60.00,21.90,Bulutlu
61.00,21.90,Bulutlu
61.00,21.90,Bulutlu
60.00,21.80,Bulutlu
60.00,21.80,Bulutlu
60.00,21.80,Bulutlu
60.00,21.80,Bulutlu
60.00,21.80,Bulutlu
60.00,21.80,Bulutlu
61.00,21.80,Bulutlu
61.00,21.80,Bulutlu
60.00,21.80,Bulutlu
60.00,21.80,Bulutlu
60.00,21.70,Bulutlu
60.00,21.70,Bulutlu
60.00,21.70,Bulutlu
60.00,21.70,Bulutlu
60.00,21.70,Bulutlu
60.00,21.70,Bulutlu
60.00,21.60,Bulutlu
60.00,21.60,Bulutlu
60.00,21.60,Bulutlu
60.00,21.60,Bulutlu
60.00,21.50,Bulutlu
60.00,21.50,Bulutlu
60.00,21.60,Bulutlu
60.00,21.60,Bulutlu
61.00,21.50,Bulutlu
61.00,21.50,Bulutlu
61.00,21.50,Bulutlu
61.00,21.50,Bulutlu
61.00,21.40,Bulutlu
61.00,21.40,Bulutlu
61.00,21.40,Bulutlu
61.00,21.40,Bulutlu
61.00,21.40,Bulutlu
61.00,21.40,Bulutlu
61.00,21.40,Bulutlu
61.00,21.40,Bulutlu
62.00,21.40,Bulutlu
62.00,21.40,Bulutlu
62.00,21.30,Bulutlu
62.00,21.30,Bulutlu
62.00,21.30,Bulutlu
62.00,21.30,Bulutlu
62.00,21.30,Bulutlu
62.00,21.30,Bulutlu
62.00,21.30,Bulutlu
62.00,21.30,Bulutlu
62.00,21.30,Bulutlu
62.00,21.30,Bulutlu
62.00,21.30,Bulutlu
62.00,21.30,Bulutlu
62.00,21.30,Bulutlu
62.00,21.30,Bulutlu
62.00,21.20,Bulutlu
62.00,21.20,Bulutlu
62.00,21.20,Bulutlu
62.00,21.20,Bulutlu
62.00,21.20,Bulutlu
62.00,21.20,Bulutlu
62.00,21.20,Bulutlu
62.00,21.20,Bulutlu
62.00,21.20,Bulutlu
62.00,21.20,Bulutlu
62.00,21.20,Bulutlu
62.00,21.20,Bulutlu
62.00,21.00,Bulutlu
62.00,21.00,Bulutlu
62.00,21.00,Bulutlu
62.00,21.00,Bulutlu
62.00,21.00,Bulutlu
62.00,21.00,Bulutlu
61.00,20.90,Bulutlu
61.00,20.90,Bulutlu
62.00,20.90,Bulutlu
62.00,20.90,Bulutlu
62.00,20.90,Bulutlu
62.00,20.90,Bulutlu
62.00,20.90,Bulutlu
62.00,20.90,Bulutlu
62.00,20.90,Bulutlu
62.00,20.90,Bulutlu
62.00,20.80,Bulutlu
62.00,20.80,Bulutlu
62.00,20.90,Bulutlu
62.00,20.90,Bulutlu
62.00,20.90,Bulutlu
62.00,20.90,Bulutlu
62.00,20.80,Bulutlu
62.00,20.80,Bulutlu
62.00,20.90,Bulutlu
62.00,20.90,Bulutlu
62.00,20.80,Bulutlu
62.00,20.80,Bulutlu
62.00,20.80,Bulutlu
62.00,20.80,Bulutlu
62.00,20.80,Bulutlu
62.00,20.80,Bulutlu
62.00,20.70,Bulutlu
62.00,20.70,Bulutlu
63.00,20.80,Bulutlu
63.00,20.80,Bulutlu
63.00,20.80,Bulutlu
63.00,20.80,Bulutlu
63.00,20.90,Bulutlu
63.00,20.90,Bulutlu
63.00,20.90,Bulutlu
63.00,20.90,Bulutlu
63.00,20.90,Bulutlu
63.00,20.90,Bulutlu
63.00,20.90,Bulutlu
63.00,20.90,Bulutlu
62.00,20.90,Bulutlu
62.00,20.90,Bulutlu
62.00,20.90,Bulutlu
62.00,20.90,Bulutlu
63.00,20.90,Bulutlu
63.00,20.90,Bulutlu
63.00,20.90,Bulutlu
63.00,20.90,Bulutlu
63.00,20.90,Bulutlu
63.00,20.90,Bulutlu
63.00,21.00,Bulutlu
63.00,21.00,Bulutlu
62.00,20.90,Bulutlu
62.00,20.90,Bulutlu
62.00,20.90,Bulutlu
62.00,20.90,Bulutlu
63.00,21.00,Bulutlu
63.00,21.00,Bulutlu
63.00,21.00,Bulutlu
63.00,21.00,Bulutlu
63.00,21.00,Bulutlu
63.00,21.00,Bulutlu
63.00,20.90,Bulutlu
63.00,20.90,Bulutlu
63.00,20.90,Bulutlu
63.00,20.90,Bulutlu
63.00,20.90,Bulutlu
63.00,20.90,Bulutlu
64.00,21.00,Bulutlu
64.00,21.00,Bulutlu
64.00,21.00,Bulutlu
64.00,21.00,Bulutlu
64.00,21.00,Bulutlu
64.00,21.00,Bulutlu
64.00,21.00,Bulutlu
64.00,21.00,Bulutlu
64.00,21.00,Bulutlu
64.00,21.00,Bulutlu
64.00,21.00,Bulutlu
64.00,21.00,Bulutlu
64.00,21.20,Bulutlu
64.00,21.20,Bulutlu
64.00,21.30,Bulutlu
64.00,21.30,Bulutlu
63.00,21.20,Bulutlu
63.00,21.20,Bulutlu
63.00,21.20,Bulutlu
63.00,21.20,Bulutlu
63.00,21.20,Bulutlu
63.00,21.20,Bulutlu
63.00,21.20,Bulutlu
63.00,21.20,Bulutlu
63.00,21.20,Bulutlu
63.00,21.20,Bulutlu
63.00,21.20,Bulutlu
63.00,21.20,Bulutlu
63.00,21.20,Bulutlu
63.00,21.20,Bulutlu
63.00,21.20,Bulutlu
63.00,21.20,Bulutlu
63.00,21.20,Bulutlu
63.00,21.20,Bulutlu
63.00,21.40,Bulutlu
63.00,21.40,Bulutlu
63.00,21.30,Bulutlu
63.00,21.30,Bulutlu
63.00,21.30,Bulutlu
63.00,21.30,Bulutlu
63.00,21.30,Bulutlu
63.00,21.30,Bulutlu
63.00,21.40,Bulutlu
63.00,21.40,Bulutlu
63.00,21.40,Bulutlu
63.00,21.40,Bulutlu
63.00,21.40,Bulutlu
63.00,21.40,Bulutlu
63.00,21.40,Bulutlu
63.00,21.40,Bulutlu
63.00,21.40,Bulutlu
63.00,21.40,Bulutlu
62.00,21.40,Bulutlu
62.00,21.40,Bulutlu
62.00,21.40,Bulutlu
62.00,21.40,Bulutlu
62.00,21.40,Bulutlu
62.00,21.40,Bulutlu
62.00,21.40,Bulutlu
62.00,21.40,Bulutlu
62.00,21.40,Bulutlu
62.00,21.40,Bulutlu
62.00,21.30,Bulutlu
62.00,21.30,Bulutlu
62.00,21.20,Bulutlu
62.00,21.20,Bulutlu
62.00,21.20,Bulutlu
62.00,21.20,Bulutlu
62.00,21.20,Bulutlu
62.00,21.20,Bulutlu
62.00,21.20,Bulutlu
62.00,21.20,Bulutlu
62.00,21.20,Bulutlu
62.00,21.20,Bulutlu
62.00,21.20,Bulutlu
62.00,21.20,Bulutlu
62.00,21.20,Bulutlu
62.00,21.20,Bulutlu
62.00,21.20,Bulutlu
62.00,21.20,Bulutlu
62.00,21.20,Bulutlu
62.00,21.20,Bulutlu
62.00,21.00,Bulutlu
62.00,21.00,Bulutlu
62.00,21.00,Bulutlu
62.00,21.00,Bulutlu
63.00,21.00,Bulutlu
63.00,21.00,Bulutlu
63.00,21.00,Bulutlu
63.00,21.00,Bulutlu
63.00,21.00,Bulutlu
63.00,21.00,Bulutlu
62.00,21.00,Bulutlu
62.00,21.00,Bulutlu
63.00,21.00,Bulutlu
63.00,21.00,Bulutlu
62.00,20.90,Bulutlu
62.00,20.90,Bulutlu
63.00,21.20,Bulutlu
63.00,21.20,Bulutlu
63.00,21.00,Bulutlu
63.00,21.00,Bulutlu
63.00,21.00,Bulutlu
63.00,21.00,Bulutlu
63.00,21.00,Bulutlu
63.00,21.00,Bulutlu
63.00,21.00,Bulutlu
63.00,21.00,Bulutlu
63.00,21.00,Bulutlu
63.00,21.00,Bulutlu
63.00,21.20,Bulutlu
63.00,21.20,Bulutlu
63.00,21.20,Bulutlu
63.00,21.20,Bulutlu
63.00,21.30,Bulutlu
63.00,21.30,Bulutlu
63.00,21.40,Bulutlu
63.00,21.40,Bulutlu
63.00,21.40,Bulutlu
63.00,21.40,Bulutlu
63.00,21.40,Bulutlu
63.00,21.40,Bulutlu
63.00,21.40,Bulutlu
63.00,21.40,Bulutlu
63.00,21.40,Bulutlu
63.00,21.40,Bulutlu
62.00,21.40,Bulutlu
62.00,21.40,Bulutlu
62.00,21.50,Bulutlu
62.00,21.50,Bulutlu
62.00,21.40,Bulutlu
62.00,21.40,Bulutlu
62.00,21.50,Bulutlu
62.00,21.50,Bulutlu
61.00,21.50,Bulutlu
61.00,21.50,Bulutlu
61.00,21.40,Bulutlu
61.00,21.40,Bulutlu
61.00,21.50,Bulutlu
61.00,21.50,Bulutlu
62.00,21.40,Bulutlu
62.00,21.40,Bulutlu
62.00,21.40,Bulutlu
62.00,21.40,Bulutlu
62.00,21.40,Bulutlu
62.00,21.40,Bulutlu
62.00,21.40,Bulutlu
62.00,21.40,Bulutlu
62.00,21.40,Bulutlu
62.00,21.40,Bulutlu
62.00,21.40,Bulutlu
62.00,21.40,Bulutlu
62.00,21.40,Bulutlu
62.00,21.40,Bulutlu
62.00,21.40,Bulutlu
62.00,21.40,Bulutlu
62.00,21.40,Bulutlu
62.00,21.40,Bulutlu
62.00,21.40,Bulutlu
62.00,21.40,Bulutlu
62.00,21.40,Bulutlu
62.00,21.40,Bulutlu
61.00,21.40,Bulutlu
91.00 , 15.30,Yagmurlu
 91.00 , 15.30 ,Yagmurlu
 91.00 , 15.30 ,Yagmurlu
 91.00 , 15.30 ,Yagmurlu
 91.00 , 15.30 ,Yagmurlu
 91.00 , 15.30 ,Yagmurlu
 91.00 , 15.30 ,Yagmurlu
 91.00 , 15.30 ,Yagmurlu
 91.00 , 15.30 ,Yagmurlu
 91.00 , 15.30 ,Yagmurlu
 91.00 , 15.40 ,Yagmurlu
 91.00 , 15.40 ,Yagmurlu
 91.00 , 15.40 ,Yagmurlu
 91.00 , 15.40 ,Yagmurlu
 91.00 , 15.30 ,Yagmurlu
 91.00 , 15.30 ,Yagmurlu
 91.00 , 15.30 ,Yagmurlu
 91.00 , 15.30 ,Yagmurlu
 91.00 , 15.40 ,Yagmurlu
 91.00 , 15.40 ,Yagmurlu
 91.00 , 15.30 ,Yagmurlu
 91.00 , 15.30 ,Yagmurlu
 91.00 , 15.40 ,Yagmurlu
 91.00 , 15.40 ,Yagmurlu
 91.00 , 15.30 ,Yagmurlu
 91.00 , 15.30 ,Yagmurlu
 91.00 , 15.40 ,Yagmurlu
 91.00 , 15.40 ,Yagmurlu
 91.00 , 15.40 ,Yagmurlu
 91.00 , 15.40 ,Yagmurlu
 91.00 , 15.30 ,Yagmurlu
 91.00 , 15.30 ,Yagmurlu
 91.00 , 15.40 ,Yagmurlu
 91.00 , 15.40 ,Yagmurlu
 91.00 , 15.30 ,Yagmurlu
 91.00 , 15.30 ,Yagmurlu
 91.00 , 15.30 ,Yagmurlu
 91.00 , 15.30 ,Yagmurlu
 91.00 , 15.30 ,Yagmurlu
 91.00 , 15.30 ,Yagmurlu
 91.00 , 15.30 ,Yagmurlu
 91.00 , 15.30 ,Yagmurlu
 91.00 , 15.30 ,Yagmurlu
 91.00 , 15.30 ,Yagmurlu
 91.00 , 15.30 ,Yagmurlu
 91.00 , 15.30 ,Yagmurlu
 91.00 , 15.40 ,Yagmurlu
 91.00 , 15.40 ,Yagmurlu
 91.00 , 15.30 ,Yagmurlu
 91.00 , 15.30 ,Yagmurlu
 91.00 , 15.30 ,Yagmurlu
 91.00 , 15.30 ,Yagmurlu
 91.00 , 15.30 ,Yagmurlu
 91.00 , 15.30 ,Yagmurlu
 91.00 , 15.20 ,Yagmurlu
 91.00 , 15.20 ,Yagmurlu
 91.00 , 15.30 ,Yagmurlu
 91.00 , 15.30 ,Yagmurlu
 91.00 , 15.30 ,Yagmurlu
 91.00 , 15.30 ,Yagmurlu
 91.00 , 15.30 ,Yagmurlu
 91.00 , 15.30 ,Yagmurlu
 91.00 , 15.30 ,Yagmurlu
 91.00 , 15.30 ,Yagmurlu
 91.00 , 15.30 ,Yagmurlu
 91.00 , 15.30 ,Yagmurlu
 91.00 , 15.30 ,Yagmurlu
 91.00 , 15.30 ,Yagmurlu
 91.00 , 15.30 ,Yagmurlu
 91.00 , 15.30 ,Yagmurlu
 91.00 , 15.40 ,Yagmurlu
 91.00 , 15.40 ,Yagmurlu
 91.00 , 15.20 ,Yagmurlu
 91.00 , 15.20 ,Yagmurlu
 91.00 , 15.30 ,Yagmurlu
 91.00 , 15.30 ,Yagmurlu
 91.00 , 15.30 ,Yagmurlu
 91.00 , 15.30 ,Yagmurlu
 91.00 , 15.20 ,Yagmurlu
 91.00 , 15.20 ,Yagmurlu
 91.00 , 15.20 ,Yagmurlu
 91.00 , 15.20 ,Yagmurlu
 91.00 , 15.30 ,Yagmurlu
 91.00 , 15.30 ,Yagmurlu
 91.00 , 15.30 ,Yagmurlu
 91.00 , 15.30 ,Yagmurlu
 91.00 , 15.30 ,Yagmurlu
 91.00 , 15.30 ,Yagmurlu
 91.00 , 15.20 ,Yagmurlu
 91.00 , 15.20 ,Yagmurlu
 91.00 , 15.30 ,Yagmurlu
 91.00 , 15.30 ,Yagmurlu
 91.00 , 15.30 ,Yagmurlu
 91.00 , 15.30 ,Yagmurlu
 91.00 , 15.20 ,Yagmurlu
 91.00 , 15.20 ,Yagmurlu
 91.00 , 15.20 ,Yagmurlu
 91.00 , 15.20 ,Yagmurlu
 91.00 , 15.10 ,Yagmurlu
 91.00 , 15.10 ,Yagmurlu
 91.00 , 15.20 ,Yagmurlu
 91.00 , 15.20 ,Yagmurlu
 91.00 , 15.20 ,Yagmurlu
 91.00 , 15.20 ,Yagmurlu
 91.00 , 15.20 ,Yagmurlu
 91.00 , 15.20 ,Yagmurlu
 91.00 , 15.30 ,Yagmurlu
 91.00 , 15.30 ,Yagmurlu
 91.00 , 15.30 ,Yagmurlu
 91.00 , 15.30 ,Yagmurlu
 91.00 , 15.30 ,Yagmurlu
 91.00 , 15.30 ,Yagmurlu
 91.00 , 15.20 ,Yagmurlu
 91.00 , 15.20 ,Yagmurlu
 91.00 , 15.30 ,Yagmurlu
 91.00 , 15.30 ,Yagmurlu
 91.00 , 15.20 ,Yagmurlu
 91.00 , 15.20 ,Yagmurlu
 91.00 , 15.20 ,Yagmurlu
 91.00 , 15.20 ,Yagmurlu
 91.00 , 15.30 ,Yagmurlu
 91.00 , 15.30 ,Yagmurlu
 91.00 , 15.30 ,Yagmurlu
 91.00 , 15.30 ,Yagmurlu
 91.00 , 15.10 ,Yagmurlu
 91.00 , 15.10 ,Yagmurlu
 91.00 , 15.30 ,Yagmurlu
 91.00 , 15.30 ,Yagmurlu
 91.00 , 15.30 ,Yagmurlu
 91.00 , 15.30 ,Yagmurlu
 91.00 , 15.30 ,Yagmurlu
 91.00 , 15.30 ,Yagmurlu
 91.00 , 15.20 ,Yagmurlu
 91.00 , 15.20 ,Yagmurlu
 91.00 , 15.20 ,Yagmurlu
 91.00 , 15.20 ,Yagmurlu
 91.00 , 15.30 ,Yagmurlu
 91.00 , 15.30 ,Yagmurlu
 91.00 , 15.30 ,Yagmurlu
 91.00 , 15.30 ,Yagmurlu
 91.00 , 15.30 ,Yagmurlu
 91.00 , 15.30 ,Yagmurlu
 91.00 , 15.30 ,Yagmurlu
 91.00 , 15.30 ,Yagmurlu
 91.00 , 15.30 ,Yagmurlu
 91.00 , 15.30 ,Yagmurlu
 91.00 , 15.20 ,Yagmurlu
 91.00 , 15.20 ,Yagmurlu
 91.00 , 15.30 ,Yagmurlu
 91.00 , 15.30 ,Yagmurlu
 91.00 , 15.30 ,Yagmurlu
 91.00 , 15.30 ,Yagmurlu
 91.00 , 15.30 ,Yagmurlu
 91.00 , 15.30 ,Yagmurlu
 91.00 , 15.40 ,Yagmurlu
 91.00 , 15.40 ,Yagmurlu
 91.00 , 15.30 ,Yagmurlu
 91.00 , 15.30 ,Yagmurlu
 91.00 , 15.30 ,Yagmurlu
 91.00 , 15.30 ,Yagmurlu
 91.00 , 15.20 ,Yagmurlu
 91.00 , 15.20 ,Yagmurlu
 91.00 , 15.40 ,Yagmurlu
 91.00 , 15.40 ,Yagmurlu
 91.00 , 15.30 ,Yagmurlu
 91.00 , 15.30 ,Yagmurlu
 91.00 , 15.40 ,Yagmurlu
 91.00 , 15.40 ,Yagmurlu
 91.00 , 15.30 ,Yagmurlu
 91.00 , 15.30 ,Yagmurlu
 91.00 , 15.30 ,Yagmurlu
 91.00 , 15.30 ,Yagmurlu
 91.00 , 15.20 ,Yagmurlu
 91.00 , 15.20 ,Yagmurlu
 91.00 , 15.30 ,Yagmurlu
 91.00 , 15.30 ,Yagmurlu
 91.00 , 15.30 ,Yagmurlu
 91.00 , 15.30 ,Yagmurlu
 91.00 , 15.20 ,Yagmurlu
 91.00 , 15.20 ,Yagmurlu
 91.00 , 15.30 ,Yagmurlu
 91.00 , 15.30 ,Yagmurlu
 91.00 , 15.30 ,Yagmurlu
 91.00 , 15.30 ,Yagmurlu
 91.00 , 15.20 ,Yagmurlu
 91.00 , 15.20 ,Yagmurlu
 91.00 , 15.30 ,Yagmurlu
 91.00 , 15.30 ,Yagmurlu
 91.00 , 15.30 ,Yagmurlu
 91.00 , 15.30 ,Yagmurlu
 91.00 , 15.30 ,Yagmurlu
 91.00 , 15.30 ,Yagmurlu
 91.00 , 15.30 ,Yagmurlu
 91.00 , 15.30 ,Yagmurlu
 91.00 , 15.20 ,Yagmurlu
 91.00 , 15.20 ,Yagmurlu
 91.00 , 15.20 ,Yagmurlu
 91.00 , 15.20 ,Yagmurlu
 91.00 , 15.30 ,Yagmurlu
 91.00 , 15.30 ,Yagmurlu
 91.00 , 15.20 ,Yagmurlu
 91.00 , 15.20 ,Yagmurlu
 91.00 , 15.30 ,Yagmurlu
 91.00 , 15.30 ,Yagmurlu
 91.00 , 15.30 ,Yagmurlu
 91.00 , 15.30 ,Yagmurlu
 91.00 , 15.20 ,Yagmurlu
 91.00 , 15.20 ,Yagmurlu
 91.00 , 15.20 ,Yagmurlu
 91.00 , 15.20 ,Yagmurlu
 91.00 , 15.30 ,Yagmurlu
 91.00 , 15.30 ,Yagmurlu
 91.00 , 15.10 ,Yagmurlu
 91.00 , 15.10 ,Yagmurlu
 91.00 , 15.20 ,Yagmurlu
 91.00 , 15.20 ,Yagmurlu
 91.00 , 15.30 ,Yagmurlu
 91.00 , 15.30 ,Yagmurlu
 91.00 , 15.10 ,Yagmurlu
 91.00 , 15.10 ,Yagmurlu
 91.00 , 15.20 ,Yagmurlu
 91.00 , 15.20 ,Yagmurlu
 91.00 , 15.20 ,Yagmurlu
 91.00 , 15.20 ,Yagmurlu
 91.00 , 15.20 ,Yagmurlu
 91.00 , 15.20 ,Yagmurlu
 91.00 , 15.20 ,Yagmurlu
 91.00 , 15.20 ,Yagmurlu
 91.00 , 15.20 ,Yagmurlu
 91.00 , 15.20 ,Yagmurlu
 91.00 , 15.30 ,Yagmurlu
 91.00 , 15.30 ,Yagmurlu
 91.00 , 15.30 ,Yagmurlu
 91.00 , 15.30 ,Yagmurlu
 91.00 , 15.30 ,Yagmurlu
 91.00 , 15.30 ,Yagmurlu
 91.00 , 15.30 ,Yagmurlu
 91.00 , 15.30 ,Yagmurlu
 91.00 , 15.30 ,Yagmurlu
 91.00 , 15.30 ,Yagmurlu
 91.00 , 15.30 ,Yagmurlu
 91.00 , 15.30 ,Yagmurlu
 91.00 , 15.30 ,Yagmurlu
 91.00 , 15.30 ,Yagmurlu
 91.00 , 15.30 ,Yagmurlu
 91.00 , 15.30 ,Yagmurlu
 91.00 , 15.30 ,Yagmurlu
 91.00 , 15.30 ,Yagmurlu
 91.00 , 15.30 ,Yagmurlu
 91.00 , 15.30 ,Yagmurlu
 91.00 , 15.20 ,Yagmurlu
 91.00 , 15.20 ,Yagmurlu
 91.00 , 15.30 ,Yagmurlu
 91.00 , 15.30 ,Yagmurlu
 91.00 , 15.40 ,Yagmurlu
 91.00 , 15.40 ,Yagmurlu
 91.00 , 15.30 ,Yagmurlu
 91.00 , 15.30 ,Yagmurlu
 91.00 , 15.40 ,Yagmurlu
 91.00 , 15.40 ,Yagmurlu
 91.00 , 15.40 ,Yagmurlu
 91.00 , 15.40 ,Yagmurlu
 91.00 , 15.40 ,Yagmurlu
 91.00 , 15.40 ,Yagmurlu
 91.00 , 15.40 ,Yagmurlu
 91.00 , 15.40 ,Yagmurlu
 91.00 , 15.40 ,Yagmurlu
 91.00 , 15.40 ,Yagmurlu
 91.00 , 15.30 ,Yagmurlu
 91.00 , 15.30 ,Yagmurlu
 91.00 , 15.30 ,Yagmurlu
 91.00 , 15.30 ,Yagmurlu
 91.00 , 15.40 ,Yagmurlu
 91.00 , 15.40 ,Yagmurlu
 91.00 , 15.30 ,Yagmurlu
 91.00 , 15.30 ,Yagmurlu
 91.00 , 15.30 ,Yagmurlu
 91.00 , 15.30 ,Yagmurlu
 91.00 , 15.30 ,Yagmurlu
 91.00 , 15.30 ,Yagmurlu
 91.00 , 15.30 ,Yagmurlu
 91.00 , 15.30 ,Yagmurlu
 91.00 , 15.40 ,Yagmurlu
 91.00 , 15.40 ,Yagmurlu
 91.00 , 15.30 ,Yagmurlu
 91.00 , 15.30 ,Yagmurlu
 91.00 , 15.30 ,Yagmurlu
 91.00 , 15.30 ,Yagmurlu
 91.00 , 15.30 ,Yagmurlu
 91.00 , 15.30 ,Yagmurlu
 91.00 , 15.40 ,Yagmurlu
 91.00 , 15.40 ,Yagmurlu
 91.00 , 15.30 ,Yagmurlu
 91.00 , 15.30 ,Yagmurlu
 91.00 , 15.40 ,Yagmurlu
 91.00 , 15.40 ,Yagmurlu
 91.00 , 15.30 ,Yagmurlu
 91.00 , 15.30 ,Yagmurlu
 91.00 , 15.30 ,Yagmurlu
 91.00 , 15.30 ,Yagmurlu
 91.00 , 15.40 ,Yagmurlu
 91.00 , 15.40 ,Yagmurlu
 91.00 , 15.40 ,Yagmurlu
 91.00 , 15.40 ,Yagmurlu
 91.00 , 15.30 ,Yagmurlu
 91.00 , 15.30 ,Yagmurlu
 91.00 , 15.30 ,Yagmurlu
 91.00 , 15.30 ,Yagmurlu
 91.00 , 15.40 ,Yagmurlu
 91.00 , 15.40 ,Yagmurlu
 91.00 , 15.40 ,Yagmurlu
 91.00 , 15.40 ,Yagmurlu
 91.00 , 15.30 ,Yagmurlu
 91.00 , 15.30 ,Yagmurlu
 91.00 , 15.40 ,Yagmurlu
 91.00 , 15.40 ,Yagmurlu
 91.00 , 15.40 ,Yagmurlu
 91.00 , 15.40 ,Yagmurlu
 91.00 , 15.20 ,Yagmurlu
 91.00 , 15.20 ,Yagmurlu
 91.00 , 15.30 ,Yagmurlu
 91.00 , 15.30 ,Yagmurlu
 91.00 , 15.30 ,Yagmurlu
 91.00 , 15.30 ,Yagmurlu
 91.00 , 15.30 ,Yagmurlu
 91.00 , 15.30 ,Yagmurlu
 91.00 , 15.30 ,Yagmurlu
 91.00 , 15.30 ,Yagmurlu
 91.00 , 15.40 ,Yagmurlu
 91.00 , 15.40 ,Yagmurlu
 91.00 , 15.30 ,Yagmurlu
 91.00 , 15.30 ,Yagmurlu
 91.00 , 15.30 ,Yagmurlu
 91.00 , 15.30 ,Yagmurlu
 91.00 , 15.30 ,Yagmurlu
 91.00 , 15.30 ,Yagmurlu
 91.00 , 15.30 ,Yagmurlu
 91.00 , 15.30 ,Yagmurlu
 91.00 , 15.30 ,Yagmurlu
 91.00 , 15.30 ,Yagmurlu
 91.00 , 15.30 ,Yagmurlu
 91.00 , 15.30 ,Yagmurlu
 91.00 , 15.30 ,Yagmurlu
 91.00 , 15.30 ,Yagmurlu
 91.00 , 15.30 ,Yagmurlu
 91.00 , 15.30 ,Yagmurlu
 91.00 , 15.30 ,Yagmurlu
 91.00 , 15.30 ,Yagmurlu
 91.00 , 15.20 ,Yagmurlu
 91.00 , 15.20 ,Yagmurlu
 91.00 , 15.30 ,Yagmurlu
 91.00 , 15.30 ,Yagmurlu
 91.00 , 15.30 ,Yagmurlu
 91.00 , 15.30 ,Yagmurlu
 91.00 , 15.40 ,Yagmurlu
 91.00 , 15.40 ,Yagmurlu
 91.00 , 15.30 ,Yagmurlu
 91.00 , 15.30 ,Yagmurlu
 91.00 , 15.30 ,Yagmurlu
 91.00 , 15.30 ,Yagmurlu
 91.00 , 15.40 ,Yagmurlu
 91.00 , 15.40 ,Yagmurlu
 91.00 , 15.30 ,Yagmurlu
 91.00 , 15.30 ,Yagmurlu
 91.00 , 15.40 ,Yagmurlu
 91.00 , 15.40 ,Yagmurlu
 91.00 , 15.40 ,Yagmurlu
 91.00 , 15.40 ,Yagmurlu
 91.00 , 15.40 ,Yagmurlu
 91.00 , 15.40 ,Yagmurlu
 91.00 , 15.40 ,Yagmurlu
 91.00 , 15.40 ,Yagmurlu
 91.00 , 15.40 ,Yagmurlu
 91.00 , 15.40 ,Yagmurlu
 91.00 , 15.40 ,Yagmurlu
 91.00 , 15.40 ,Yagmurlu
 91.00 , 15.40 ,Yagmurlu
 91.00 , 15.40 ,Yagmurlu
 91.00 , 15.50 ,Yagmurlu
 91.00 , 15.50 ,Yagmurlu
 91.00 , 15.40 ,Yagmurlu
 91.00 , 15.40 ,Yagmurlu
 91.00 , 15.40 ,Yagmurlu
 91.00 , 15.40 ,Yagmurlu
 91.00 , 15.50 ,Yagmurlu
 91.00 , 15.50 ,Yagmurlu
 91.00 , 15.40 ,Yagmurlu
 91.00 , 15.40 ,Yagmurlu
 91.00 , 15.60 ,Yagmurlu
 91.00 , 15.60 ,Yagmurlu
 91.00 , 15.40 ,Yagmurlu
 91.00 , 15.40 ,Yagmurlu
 91.00 , 15.40 ,Yagmurlu
 91.00 , 15.40 ,Yagmurlu
 91.00 , 15.50 ,Yagmurlu
 91.00 , 15.50 ,Yagmurlu
 91.00 , 15.40 ,Yagmurlu
 91.00 , 15.40 ,Yagmurlu
 91.00 , 15.60 ,Yagmurlu
 91.00 , 15.60 ,Yagmurlu
 91.00 , 15.50 ,Yagmurlu
 91.00 , 15.50 ,Yagmurlu
 91.00 , 15.60 ,Yagmurlu
 91.00 , 15.60 ,Yagmurlu
 91.00 , 15.60 ,Yagmurlu
 91.00 , 15.60 ,Yagmurlu
 91.00 , 15.60 ,Yagmurlu
 91.00 , 15.60 ,Yagmurlu
 91.00 , 15.50 ,Yagmurlu
 91.00 , 15.50 ,Yagmurlu
 91.00 , 15.60 ,Yagmurlu
 91.00 , 15.60 ,Yagmurlu
 91.00 , 15.60 ,Yagmurlu
 91.00 , 15.60 ,Yagmurlu
 91.00 , 15.60 ,Yagmurlu
 91.00 , 15.60 ,Yagmurlu
 91.00 , 15.50 ,Yagmurlu
 91.00 , 15.50 ,Yagmurlu
 91.00 , 15.60 ,Yagmurlu
 91.00 , 15.60 ,Yagmurlu
 91.00 , 15.50 ,Yagmurlu
 91.00 , 15.50 ,Yagmurlu
 91.00 , 15.60 ,Yagmurlu
 91.00 , 15.60 ,Yagmurlu
 91.00 , 15.60 ,Yagmurlu
 91.00 , 15.60 ,Yagmurlu
 91.00 , 15.60 ,Yagmurlu
 91.00 , 15.60 ,Yagmurlu
 91.00 , 15.60 ,Yagmurlu
 91.00 , 15.60 ,Yagmurlu
 91.00 , 15.70 ,Yagmurlu
 91.00 , 15.70 ,Yagmurlu
 91.00 , 15.60 ,Yagmurlu
 91.00 , 15.60 ,Yagmurlu
 91.00 , 15.70 ,Yagmurlu
 91.00 , 15.70 ,Yagmurlu
 91.00 , 15.60 ,Yagmurlu
 91.00 , 15.60 ,Yagmurlu
 91.00 , 15.60 ,Yagmurlu
 91.00 , 15.60 ,Yagmurlu
 91.00 , 15.60 ,Yagmurlu
 91.00 , 15.60 ,Yagmurlu
 91.00 , 15.60 ,Yagmurlu
 91.00 , 15.60 ,Yagmurlu
 91.00 , 15.60 ,Yagmurlu
 91.00 , 15.60 ,Yagmurlu
 91.00 , 15.50 ,Yagmurlu
 91.00 , 15.50 ,Yagmurlu
 91.00 , 15.60 ,Yagmurlu
 91.00 , 15.60 ,Yagmurlu
 91.00 , 15.40 ,Yagmurlu
 91.00 , 15.40 ,Yagmurlu
 91.00 , 15.60 ,Yagmurlu
 91.00 , 15.60 ,Yagmurlu
 91.00 , 15.50 ,Yagmurlu
 91.00 , 15.50 ,Yagmurlu
 91.00 , 15.50 ,Yagmurlu
 91.00 , 15.50 ,Yagmurlu
 91.00 , 15.50 ,Yagmurlu
 91.00 , 15.50 ,Yagmurlu
 91.00 , 15.60 ,Yagmurlu
 91.00 , 15.60 ,Yagmurlu
 91.00 , 15.40 ,Yagmurlu
 91.00 , 15.40 ,Yagmurlu
 91.00 , 15.40 ,Yagmurlu
 91.00 , 15.40 ,Yagmurlu
 91.00 , 15.50 ,Yagmurlu
 91.00 , 15.50 ,Yagmurlu
 91.00 , 15.50 ,Yagmurlu
 91.00 , 15.50 ,Yagmurlu
 91.00 , 15.40 ,Yagmurlu
 91.00 , 15.40 ,Yagmurlu
 91.00 , 15.50 ,Yagmurlu
 91.00 , 15.50 ,Yagmurlu
 91.00 , 15.40 ,Yagmurlu
 91.00 , 15.40 ,Yagmurlu
 91.00 , 15.40 ,Yagmurlu
 91.00 , 15.40 ,Yagmurlu
 91.00 , 15.40 ,Yagmurlu
 91.00 , 15.40 ,Yagmurlu
 91.00 , 15.40 ,Yagmurlu
 91.00 , 15.40 ,Yagmurlu
 91.00 , 15.40 ,Yagmurlu
 91.00 , 15.40 ,Yagmurlu
 91.00 , 15.50 ,Yagmurlu
 91.00 , 15.50 ,Yagmurlu
 91.00 , 15.40 ,Yagmurlu
 91.00 , 15.40 ,Yagmurlu
 91.00 , 15.40 ,Yagmurlu
 91.00 , 15.40 ,Yagmurlu
 91.00 , 15.40 ,Yagmurlu
 91.00 , 15.40 ,Yagmurlu
 91.00 , 15.40 ,Yagmurlu
 91.00 , 15.40 ,Yagmurlu
 91.00 , 15.40 ,Yagmurlu
 91.00 , 15.40 ,Yagmurlu
 91.00 , 15.40 ,Yagmurlu
 91.00 , 15.40 ,Yagmurlu
 91.00 , 15.40 ,Yagmurlu
 91.00 , 15.40 ,Yagmurlu
 91.00 , 15.40 ,Yagmurlu
 91.00 , 15.40 ,Yagmurlu
 91.00 , 15.40 ,Yagmurlu
 91.00 , 15.40 ,Yagmurlu
 91.00 , 15.40 ,Yagmurlu
 91.00 , 15.40 ,Yagmurlu
 91.00 , 15.30 ,Yagmurlu
 91.00 , 15.30 ,Yagmurlu
 91.00 , 15.30 ,Yagmurlu
 91.00 , 15.30 ,Yagmurlu
 91.00 , 15.40 ,Yagmurlu
 91.00 , 15.40 ,Yagmurlu
 91.00 , 15.50 ,Yagmurlu
 91.00 , 15.50 ,Yagmurlu
 91.00 , 15.40 ,Yagmurlu
 91.00 , 15.40 ,Yagmurlu
 91.00 , 15.40 ,Yagmurlu
 91.00 , 15.40 ,Yagmurlu
 91.00 , 15.40 ,Yagmurlu
 91.00 , 15.40 ,Yagmurlu
 91.00 , 15.40 ,Yagmurlu
 91.00 , 15.40 ,Yagmurlu
 91.00 , 15.40 ,Yagmurlu
 91.00 , 15.40 ,Yagmurlu
 91.00 , 15.40 ,Yagmurlu
 91.00 , 15.40 ,Yagmurlu
 91.00 , 15.40 ,Yagmurlu
 91.00 , 15.40 ,Yagmurlu
 91.00 , 15.40 ,Yagmurlu
 91.00 , 15.40 ,Yagmurlu
 91.00 , 15.40 ,Yagmurlu
 91.00 , 15.40 ,Yagmurlu
 91.00 , 15.40 ,Yagmurlu
 91.00 , 15.40 ,Yagmurlu
 91.00 , 15.40 ,Yagmurlu
 91.00 , 15.40 ,Yagmurlu
 91.00 , 15.30 ,Yagmurlu
 91.00 , 15.30 ,Yagmurlu
 91.00 , 15.40 ,Yagmurlu
 91.00 , 15.40 ,Yagmurlu
 91.00 , 15.40 ,Yagmurlu
 91.00 , 15.40 ,Yagmurlu
 91.00 , 15.40 ,Yagmurlu
 91.00 , 15.40 ,Yagmurlu
 91.00 , 15.50 ,Yagmurlu
 91.00 , 15.50 ,Yagmurlu
 91.00 , 15.50 ,Yagmurlu
 91.00 , 15.50 ,Yagmurlu
 91.00 , 15.50 ,Yagmurlu
 91.00 , 15.50 ,Yagmurlu
 91.00 , 15.50 ,Yagmurlu
 91.00 , 15.50 ,Yagmurlu
 91.00 , 15.50 ,Yagmurlu
 91.00 , 15.50 ,Yagmurlu
 91.00 , 15.50 ,Yagmurlu
 91.00 , 15.50 ,Yagmurlu
 91.00 , 15.50 ,Yagmurlu
 91.00 , 15.50 ,Yagmurlu
 91.00 , 15.50 ,Yagmurlu
 91.00 , 15.50 ,Yagmurlu
 91.00 , 15.50 ,Yagmurlu
 91.00 , 15.50 ,Yagmurlu
 91.00 , 15.50 ,Yagmurlu
 91.00 , 15.50 ,Yagmurlu
 91.00 , 15.50 ,Yagmurlu
 91.00 , 15.50 ,Yagmurlu
 91.00 , 15.50 ,Yagmurlu
 91.00 , 15.50 ,Yagmurlu
 91.00 , 15.50 ,Yagmurlu
 91.00 , 15.50 ,Yagmurlu
 91.00 , 15.50 ,Yagmurlu
 91.00 , 15.50 ,Yagmurlu
 91.00 , 15.50 ,Yagmurlu
 91.00 , 15.50 ,Yagmurlu
 91.00 , 15.50 ,Yagmurlu
 91.00 , 15.50 ,Yagmurlu
 91.00 , 15.60 ,Yagmurlu
 91.00 , 15.60 ,Yagmurlu
 91.00 , 15.50 ,Yagmurlu
 91.00 , 15.50 ,Yagmurlu
 91.00 , 15.50 ,Yagmurlu
 91.00 , 15.50 ,Yagmurlu
 91.00 , 15.40 ,Yagmurlu
 91.00 , 15.40 ,Yagmurlu
 91.00 , 15.50 ,Yagmurlu
 91.00 , 15.50 ,Yagmurlu
 91.00 , 15.40 ,Yagmurlu
 91.00 , 15.40 ,Yagmurlu
 91.00 , 15.60 ,Yagmurlu
 91.00 , 15.60 ,Yagmurlu
 91.00 , 15.50 ,Yagmurlu
 91.00 , 15.50 ,Yagmurlu
 91.00 , 15.40 ,Yagmurlu
 91.00 , 15.40 ,Yagmurlu
 91.00 , 15.50 ,Yagmurlu
 91.00 , 15.50 ,Yagmurlu
 91.00 , 15.50 ,Yagmurlu
 91.00 , 15.50 ,Yagmurlu
 91.00 , 15.50 ,Yagmurlu
 91.00 , 15.50 ,Yagmurlu
 91.00 , 15.50 ,Yagmurlu
 91.00 , 15.50 ,Yagmurlu
 91.00 , 15.60 ,Yagmurlu
 91.00 , 15.60 ,Yagmurlu
 91.00 , 15.50 ,Yagmurlu
 91.00 , 15.50 ,Yagmurlu
 91.00 , 15.50 ,Yagmurlu
 91.00 , 15.50 ,Yagmurlu
 91.00 , 15.60 ,Yagmurlu
 91.00 , 15.60 ,Yagmurlu
 91.00 , 15.60 ,Yagmurlu
 91.00 , 15.60 ,Yagmurlu
 91.00 , 15.50 ,Yagmurlu
 91.00 , 15.50 ,Yagmurlu
 91.00 , 15.60 ,Yagmurlu
 91.00 , 15.60 ,Yagmurlu
 91.00 , 15.60 ,Yagmurlu
 91.00 , 15.60 ,Yagmurlu
 91.00 , 15.60 ,Yagmurlu
 91.00 , 15.60 ,Yagmurlu
 91.00 , 15.60 ,Yagmurlu
 91.00 , 15.60 ,Yagmurlu
 91.00 , 15.40 ,Yagmurlu
 91.00 , 15.40 ,Yagmurlu
 91.00 , 15.50 ,Yagmurlu
 91.00 , 15.50 ,Yagmurlu
 91.00 , 15.50 ,Yagmurlu
 91.00 , 15.50 ,Yagmurlu
 91.00 , 15.50 ,Yagmurlu
 91.00 , 15.50 ,Yagmurlu
 91.00 , 15.50 ,Yagmurlu
 91.00 , 15.50 ,Yagmurlu
 91.00 , 15.50 ,Yagmurlu
 91.00 , 15.50 ,Yagmurlu
 91.00 , 15.50 ,Yagmurlu
 91.00 , 15.50 ,Yagmurlu
 91.00 , 15.60 ,Yagmurlu
 91.00 , 15.60 ,Yagmurlu
 91.00 , 15.60 ,Yagmurlu
 91.00 , 15.60 ,Yagmurlu
 91.00 , 15.50 ,Yagmurlu
 91.00 , 15.50 ,Yagmurlu
 91.00 , 15.60 ,Yagmurlu
 91.00 , 15.60 ,Yagmurlu
 91.00 , 15.50 ,Yagmurlu
 91.00 , 15.50 ,Yagmurlu
 91.00 , 15.50 ,Yagmurlu
 91.00 , 15.50 ,Yagmurlu
 91.00 , 15.60 ,Yagmurlu
 91.00 , 15.60 ,Yagmurlu
 91.00 , 15.50 ,Yagmurlu
 91.00 , 15.50 ,Yagmurlu
 91.00 , 15.50 ,Yagmurlu
 91.00 , 15.50 ,Yagmurlu
 91.00 , 15.50 ,Yagmurlu
 91.00 , 15.50 ,Yagmurlu
 91.00 , 15.40 ,Yagmurlu
 91.00 , 15.40 ,Yagmurlu
 91.00 , 15.50 ,Yagmurlu
 91.00 , 15.50 ,Yagmurlu
 91.00 , 15.50 ,Yagmurlu
 91.00 , 15.50 ,Yagmurlu
 91.00 , 15.50 ,Yagmurlu
 91.00 , 15.50 ,Yagmurlu
 91.00 , 15.40 ,Yagmurlu
 91.00 , 15.40 ,Yagmurlu
 91.00 , 15.40 ,Yagmurlu
 91.00 , 15.40 ,Yagmurlu
 91.00 , 15.50 ,Yagmurlu
 91.00 , 15.50 ,Yagmurlu
 91.00 , 15.40 ,Yagmurlu
 91.00 , 15.40 ,Yagmurlu
 91.00 , 15.40 ,Yagmurlu
 91.00 , 15.40 ,Yagmurlu
 91.00 , 15.40 ,Yagmurlu
 91.00 , 15.40 ,Yagmurlu
 91.00 , 15.40 ,Yagmurlu
 91.00 , 15.40 ,Yagmurlu
 91.00 , 15.40 ,Yagmurlu
 91.00 , 15.40 ,Yagmurlu
 91.00 , 15.40 ,Yagmurlu
 91.00 , 15.40 ,Yagmurlu
 91.00 , 15.50 ,Yagmurlu
 91.00 , 15.50 ,Yagmurlu
 91.00 , 15.40 ,Yagmurlu
 91.00 , 15.40 ,Yagmurlu
 91.00 , 15.50 ,Yagmurlu
 91.00 , 15.50 ,Yagmurlu
 91.00 , 15.40 ,Yagmurlu
 91.00 , 15.40 ,Yagmurlu
 91.00 , 15.40 ,Yagmurlu
 91.00 , 15.40 ,Yagmurlu
 91.00 , 15.40 ,Yagmurlu
 91.00 , 15.40 ,Yagmurlu
 91.00 , 15.40 ,Yagmurlu
 91.00 , 15.40 ,Yagmurlu
 91.00 , 15.40 ,Yagmurlu
 91.00 , 15.40 ,Yagmurlu
 91.00 , 15.40 ,Yagmurlu
 91.00 , 15.40 ,Yagmurlu
 91.00 , 15.40 ,Yagmurlu
 91.00 , 15.40 ,Yagmurlu
 91.00 , 15.40 ,Yagmurlu
 91.00 , 15.40 ,Yagmurlu
 91.00 , 15.40 ,Yagmurlu
 91.00 , 15.40 ,Yagmurlu
 91.00 , 15.40 ,Yagmurlu
 91.00 , 15.40 ,Yagmurlu
 91.00 , 15.50 ,Yagmurlu
 91.00 , 15.50 ,Yagmurlu
 91.00 , 15.30 ,Yagmurlu
 91.00 , 15.30 ,Yagmurlu
 91.00 , 15.40 ,Yagmurlu
 91.00 , 15.40 ,Yagmurlu
 91.00 , 15.40 ,Yagmurlu
 91.00 , 15.40 ,Yagmurlu
 91.00 , 15.40 ,Yagmurlu
 91.00 , 15.40 ,Yagmurlu
 91.00 , 15.40 ,Yagmurlu
 91.00 , 15.40 ,Yagmurlu
 91.00 , 15.40 ,Yagmurlu
 91.00 , 15.40 ,Yagmurlu
 91.00 , 15.40 ,Yagmurlu
 91.00 , 15.40 ,Yagmurlu
 91.00 , 15.40 ,Yagmurlu
 91.00 , 15.40 ,Yagmurlu
 91.00 , 15.40 ,Yagmurlu
 91.00 , 15.40 ,Yagmurlu
 91.00 , 15.40 ,Yagmurlu
 91.00 , 15.40 ,Yagmurlu
 91.00 , 15.40 ,Yagmurlu
 91.00 , 15.40 ,Yagmurlu
 91.00 , 15.40 ,Yagmurlu
 91.00 , 15.40 ,Yagmurlu
 91.00 , 15.40 ,Yagmurlu
 91.00 , 15.40 ,Yagmurlu
 91.00 , 15.40 ,Yagmurlu
 91.00 , 15.40 ,Yagmurlu
 91.00 , 15.50 ,Yagmurlu
 91.00 , 15.50 ,Yagmurlu
 91.00 , 15.40 ,Yagmurlu
 91.00 , 15.40 ,Yagmurlu
 91.00 , 15.40 ,Yagmurlu
 91.00 , 15.40 ,Yagmurlu
 91.00 , 15.50 ,Yagmurlu
 91.00 , 15.50 ,Yagmurlu
 91.00 , 15.50 ,Yagmurlu
 91.00 , 15.50 ,Yagmurlu
 91.00 , 15.50 ,Yagmurlu
 91.00 , 15.50 ,Yagmurlu
 91.00 , 15.50 ,Yagmurlu
 91.00 , 15.50 ,Yagmurlu
 91.00 , 15.40 ,Yagmurlu
 91.00 , 15.40 ,Yagmurlu
 91.00 , 15.50 ,Yagmurlu
 91.00 , 15.50 ,Yagmurlu
 91.00 , 15.50 ,Yagmurlu
 91.00 , 15.50 ,Yagmurlu
 91.00 , 15.50 ,Yagmurlu
 91.00 , 15.50 ,Yagmurlu
 91.00 , 15.40 ,Yagmurlu
 91.00 , 15.40 ,Yagmurlu
 91.00 , 15.40 ,Yagmurlu
 91.00 , 15.40 ,Yagmurlu
 91.00 , 15.50 ,Yagmurlu
 91.00 , 15.50 ,Yagmurlu
 91.00 , 15.50 ,Yagmurlu
 91.00 , 15.50 ,Yagmurlu
 91.00 , 15.40 ,Yagmurlu
 91.00 , 15.40 ,Yagmurlu
 91.00 , 15.50 ,Yagmurlu
 91.00 , 15.50 ,Yagmurlu
 91.00 , 15.50 ,Yagmurlu
 91.00 , 15.50 ,Yagmurlu
 91.00 , 15.50 ,Yagmurlu
 91.00 , 15.50 ,Yagmurlu
 91.00 , 15.50 ,Yagmurlu
 91.00 , 15.50 ,Yagmurlu
 91.00 , 15.50 ,Yagmurlu
 91.00 , 15.50 ,Yagmurlu
 91.00 , 15.50 ,Yagmurlu
 91.00 , 15.50 ,Yagmurlu
 91.00 , 15.50 ,Yagmurlu
 91.00 , 15.50 ,Yagmurlu
 91.00 , 15.50 ,Yagmurlu
 91.00 , 15.50 ,Yagmurlu
 91.00 , 15.50 ,Yagmurlu
 91.00 , 15.50 ,Yagmurlu
 91.00 , 15.50 ,Yagmurlu
 91.00 , 15.50 ,Yagmurlu
 91.00 , 15.60 ,Yagmurlu
 91.00 , 15.60 ,Yagmurlu
 91.00 , 15.60 ,Yagmurlu
 91.00 , 15.60 ,Yagmurlu
 91.00 , 15.60 ,Yagmurlu
 91.00 , 15.60 ,Yagmurlu
 91.00 , 15.60 ,Yagmurlu
 91.00 , 15.60 ,Yagmurlu
 91.00 , 15.70 ,Yagmurlu
 91.00 , 15.70 ,Yagmurlu
 91.00 , 15.70 ,Yagmurlu
 91.00 , 15.70 ,Yagmurlu
 91.00 , 15.70 ,Yagmurlu
 91.00 , 15.70 ,Yagmurlu
 91.00 , 15.80 ,Yagmurlu
 91.00 , 15.80 ,Yagmurlu
 91.00 , 15.80 ,Yagmurlu
 91.00 , 15.80 ,Yagmurlu
 91.00 , 15.70 ,Yagmurlu
 91.00 , 15.70 ,Yagmurlu
 91.00 , 15.80 ,Yagmurlu
 91.00 , 15.80 ,Yagmurlu
 91.00 , 15.80 ,Yagmurlu
 91.00 , 15.80 ,Yagmurlu
 91.00 , 15.80 ,Yagmurlu
 91.00 , 15.80 ,Yagmurlu
 91.00 , 15.70 ,Yagmurlu
 91.00 , 15.70 ,Yagmurlu
 91.00 , 15.70 ,Yagmurlu
 91.00 , 15.70 ,Yagmurlu
 91.00 , 15.80 ,Yagmurlu
 91.00 , 15.80 ,Yagmurlu
 91.00 , 15.80 ,Yagmurlu
 91.00 , 15.80 ,Yagmurlu
 91.00 , 15.70 ,Yagmurlu
 91.00 , 15.70 ,Yagmurlu
 91.00 , 15.80 ,Yagmurlu
 91.00 , 15.80 ,Yagmurlu
 91.00 , 15.70 ,Yagmurlu
 91.00 , 15.70 ,Yagmurlu
 91.00 , 15.80 ,Yagmurlu
 91.00 , 15.80 ,Yagmurlu
 91.00 , 15.80 ,Yagmurlu
 91.00 , 15.80 ,Yagmurlu
 91.00 , 15.80 ,Yagmurlu
 91.00 , 15.80 ,Yagmurlu
 91.00 , 15.80 ,Yagmurlu
 91.00 , 15.80 ,Yagmurlu
 91.00 , 15.70 ,Yagmurlu
 91.00 , 15.70 ,Yagmurlu
 91.00 , 15.80 ,Yagmurlu
 91.00 , 15.80 ,Yagmurlu
 91.00 , 15.70 ,Yagmurlu
 91.00 , 15.70 ,Yagmurlu
 91.00 , 15.70 ,Yagmurlu
 91.00 , 15.70 ,Yagmurlu
 91.00 , 15.80 ,Yagmurlu
 91.00 , 15.80 ,Yagmurlu
 91.00 , 15.70 ,Yagmurlu
 91.00 , 15.70 ,Yagmurlu
 91.00 , 15.70 ,Yagmurlu
 91.00 , 15.70 ,Yagmurlu
 91.00 , 15.70 ,Yagmurlu
 91.00 , 15.70 ,Yagmurlu
 91.00 , 15.80 ,Yagmurlu
 91.00 , 15.80 ,Yagmurlu
 91.00 , 15.70 ,Yagmurlu
 91.00 , 15.70 ,Yagmurlu
 91.00 , 15.80 ,Yagmurlu
 91.00 , 15.80 ,Yagmurlu
 91.00 , 15.70 ,Yagmurlu
 91.00 , 15.70 ,Yagmurlu
 91.00 , 15.70 ,Yagmurlu
 91.00 , 15.70 ,Yagmurlu
 91.00 , 15.70 ,Yagmurlu
 91.00 , 15.70 ,Yagmurlu
 91.00 , 15.70 ,Yagmurlu
 91.00 , 15.70 ,Yagmurlu
 91.00 , 15.70 ,Yagmurlu
 91.00 , 15.70 ,Yagmurlu
 91.00 , 15.70 ,Yagmurlu
 91.00 , 15.70 ,Yagmurlu
 91.00 , 15.70 ,Yagmurlu
 91.00 , 15.70 ,Yagmurlu
 91.00 , 15.70 ,Yagmurlu
 91.00 , 15.70 ,Yagmurlu
 91.00 , 15.70 ,Yagmurlu
 91.00 , 15.70 ,Yagmurlu
 91.00 , 15.80 ,Yagmurlu
 91.00 , 15.80 ,Yagmurlu
 91.00 , 15.70 ,Yagmurlu
 91.00 , 15.70 ,Yagmurlu
 91.00 , 15.70 ,Yagmurlu
 91.00 , 15.70 ,Yagmurlu
 91.00 , 15.70 ,Yagmurlu
 91.00 , 15.70 ,Yagmurlu
 91.00 , 15.70 ,Yagmurlu
 91.00 , 15.70 ,Yagmurlu
 91.00 , 15.70 ,Yagmurlu
 91.00 , 15.70 ,Yagmurlu
 91.00 , 15.60 ,Yagmurlu
 91.00 , 15.60 ,Yagmurlu
 91.00 , 15.70 ,Yagmurlu
 91.00 , 15.70 ,Yagmurlu
 91.00 , 15.60 ,Yagmurlu
 91.00 , 15.60 ,Yagmurlu
 91.00 , 15.60 ,Yagmurlu
 91.00 , 15.60 ,Yagmurlu
 91.00 , 15.60 ,Yagmurlu
 91.00 , 15.60 ,Yagmurlu
 91.00 , 15.60 ,Yagmurlu
 91.00 , 15.60 ,Yagmurlu
 91.00 , 15.50 ,Yagmurlu
 91.00 , 15.50 ,Yagmurlu
 91.00 , 15.60 ,Yagmurlu
 91.00 , 15.60 ,Yagmurlu
 91.00 , 15.60 ,Yagmurlu
 91.00 , 15.60 ,Yagmurlu
 91.00 , 15.60 ,Yagmurlu
 91.00 , 15.60 ,Yagmurlu
 91.00 , 15.50 ,Yagmurlu
 91.00 , 15.50 ,Yagmurlu
 91.00 , 15.50 ,Yagmurlu
 91.00 , 15.50 ,Yagmurlu
 91.00 , 15.50 ,Yagmurlu
 91.00 , 15.50 ,Yagmurlu
 91.00 , 15.50 ,Yagmurlu
 91.00 , 15.50 ,Yagmurlu
 91.00 , 15.50 ,Yagmurlu
 91.00 , 15.50 ,Yagmurlu
 91.00 , 15.40 ,Yagmurlu
 91.00 , 15.40 ,Yagmurlu
 91.00 , 15.50 ,Yagmurlu
 91.00 , 15.50 ,Yagmurlu
 91.00 , 15.50 ,Yagmurlu
 91.00 , 15.50 ,Yagmurlu
 91.00 , 15.40 ,Yagmurlu
 91.00 , 15.40 ,Yagmurlu
 91.00 , 15.50 ,Yagmurlu
 91.00 , 15.50 ,Yagmurlu
 91.00 , 15.50 ,Yagmurlu
 91.00 , 15.50 ,Yagmurlu
 91.00 , 15.50 ,Yagmurlu
 91.00 , 15.50 ,Yagmurlu
 91.00 , 15.40 ,Yagmurlu
 91.00 , 15.40 ,Yagmurlu
 91.00 , 15.50 ,Yagmurlu
 91.00 , 15.50 ,Yagmurlu
 91.00 , 15.50 ,Yagmurlu
 91.00 , 15.50 ,Yagmurlu
 91.00 , 15.40 ,Yagmurlu
 91.00 , 15.40 ,Yagmurlu
 91.00 , 15.40 ,Yagmurlu
 91.00 , 15.40 ,Yagmurlu
 91.00 , 15.40 ,Yagmurlu
 91.00 , 15.40 ,Yagmurlu
 91.00 , 15.40 ,Yagmurlu
 91.00 , 15.40 ,Yagmurlu
 91.00 , 15.40 ,Yagmurlu
 91.00 , 15.40 ,Yagmurlu
 91.00 , 15.40 ,Yagmurlu
 91.00 , 15.40 ,Yagmurlu
 91.00 , 15.40 ,Yagmurlu
 91.00 , 15.40 ,Yagmurlu
 91.00 , 15.40 ,Yagmurlu
 91.00 , 15.40 ,Yagmurlu
 91.00 , 15.50 ,Yagmurlu
 91.00 , 15.50 ,Yagmurlu
 91.00 , 15.40 ,Yagmurlu
 91.00 , 15.40 ,Yagmurlu
 91.00 , 15.40 ,Yagmurlu
 91.00 , 15.40 ,Yagmurlu
 91.00 , 15.40 ,Yagmurlu
 91.00 , 15.40 ,Yagmurlu
 91.00 , 15.40 ,Yagmurlu
 91.00 , 15.40 ,Yagmurlu
 91.00 , 15.40 ,Yagmurlu
 91.00 , 15.40 ,Yagmurlu
 91.00 , 15.40 ,Yagmurlu
 91.00 , 15.40 ,Yagmurlu
 91.00 , 15.50 ,Yagmurlu
 91.00 , 15.50 ,Yagmurlu
 91.00 , 15.60 ,Yagmurlu
 91.00 , 15.60 ,Yagmurlu
 91.00 , 15.40 ,Yagmurlu
 91.00 , 15.40 ,Yagmurlu
 91.00 , 15.50 ,Yagmurlu
 91.00 , 15.50 ,Yagmurlu
 91.00 , 15.60 ,Yagmurlu
 91.00 , 15.60 ,Yagmurlu
 91.00 , 15.40 ,Yagmurlu
 91.00 , 15.40 ,Yagmurlu
 91.00 , 15.50 ,Yagmurlu
 91.00 , 15.50 ,Yagmurlu
 91.00 , 15.50 ,Yagmurlu
 91.00 , 15.50 ,Yagmurlu
 91.00 , 15.50 ,Yagmurlu
 91.00 , 15.50 ,Yagmurlu
 91.00 , 15.50 ,Yagmurlu
 91.00 , 15.50 ,Yagmurlu
 91.00 , 15.40 ,Yagmurlu
 91.00 , 15.40 ,Yagmurlu
 91.00 , 15.40 ,Yagmurlu
 91.00 , 15.40 ,Yagmurlu
 91.00 , 15.40 ,Yagmurlu
 91.00 , 15.40 ,Yagmurlu
 91.00 , 15.40 ,Yagmurlu
 91.00 , 15.40 ,Yagmurlu
 91.00 , 15.50 ,Yagmurlu
 91.00 , 15.50 ,Yagmurlu
 91.00 , 15.40 ,Yagmurlu
 91.00 , 15.40 ,Yagmurlu
 91.00 , 15.40 ,Yagmurlu
 91.00 , 15.40 ,Yagmurlu
 91.00 , 15.40 ,Yagmurlu
 91.00 , 15.40 ,Yagmurlu
 91.00 , 15.50 ,Yagmurlu
 91.00 , 15.50 ,Yagmurlu
 91.00 , 15.50 ,Yagmurlu
 91.00 , 15.50 ,Yagmurlu
 91.00 , 15.40 ,Yagmurlu
 91.00 , 15.40 ,Yagmurlu
 91.00 , 15.40 ,Yagmurlu
 91.00 , 15.40 ,Yagmurlu
 91.00 , 15.50 ,Yagmurlu
 91.00 , 15.50 ,Yagmurlu
 91.00 , 15.50 ,Yagmurlu
 91.00 , 15.50 ,Yagmurlu
 91.00 , 15.50 ,Yagmurlu
 91.00 , 15.50 ,Yagmurlu
 91.00 , 15.40 ,Yagmurlu
 91.00 , 15.40 ,Yagmurlu
 91.00 , 15.40 ,Yagmurlu
 91.00 , 15.40 ,Yagmurlu
 91.00 , 15.40 ,Yagmurlu
 91.00 , 15.40 ,Yagmurlu
 91.00 , 15.40 ,Yagmurlu
 91.00 , 15.40 ,Yagmurlu
 91.00 , 15.40 ,Yagmurlu
 91.00 , 15.40 ,Yagmurlu
 91.00 , 15.40 ,Yagmurlu
 91.00 , 15.40 ,Yagmurlu
 91.00 , 15.50 ,Yagmurlu
 91.00 , 15.50 ,Yagmurlu
 91.00 , 15.50 ,Yagmurlu
 91.00 , 15.50 ,Yagmurlu
 91.00 , 15.40 ,Yagmurlu
 91.00 , 15.40 ,Yagmurlu
 91.00 , 15.40 ,Yagmurlu
 91.00 , 15.40 ,Yagmurlu
 91.00 , 15.40 ,Yagmurlu
 91.00 , 15.40 ,Yagmurlu
 91.00 , 15.40 ,Yagmurlu
 91.00 , 15.40 ,Yagmurlu
 91.00 , 15.40 ,Yagmurlu
 91.00 , 15.40 ,Yagmurlu
 91.00 , 15.40 ,Yagmurlu
 91.00 , 15.40 ,Yagmurlu
 91.00 , 15.40 ,Yagmurlu
 91.00 , 15.40 ,Yagmurlu
 91.00 , 15.40 ,Yagmurlu
 91.00 , 15.40 ,Yagmurlu
 91.00 , 15.50 ,Yagmurlu
 91.00 , 15.50 ,Yagmurlu
 91.00 , 15.40 ,Yagmurlu
 91.00 , 15.40 ,Yagmurlu
 91.00 , 15.40 ,Yagmurlu
 91.00 , 15.40 ,Yagmurlu
 91.00 , 15.40 ,Yagmurlu
 91.00 , 15.40 ,Yagmurlu
 91.00 , 15.40 ,Yagmurlu
 91.00 , 15.40 ,Yagmurlu
 91.00 , 15.40 ,Yagmurlu
 91.00 , 15.40 ,Yagmurlu
 91.00 , 15.40 ,Yagmurlu
 91.00 , 15.40 ,Yagmurlu
 91.00 , 15.40 ,Yagmurlu
 91.00 , 15.40 ,Yagmurlu
 91.00 , 15.40 ,Yagmurlu
 91.00 , 15.40 ,Yagmurlu
 91.00 , 15.40 ,Yagmurlu
 91.00 , 15.40 ,Yagmurlu
 91.00 , 15.40 ,Yagmurlu
 91.00 , 15.40 ,Yagmurlu
 91.00 , 15.40 ,Yagmurlu
 91.00 , 15.40 ,Yagmurlu
 91.00 , 15.40 ,Yagmurlu
 91.00 , 15.40 ,Yagmurlu
 91.00 , 15.30 ,Yagmurlu
 91.00 , 15.30 ,Yagmurlu
 91.00 , 15.40 ,Yagmurlu
 91.00 , 15.40 ,Yagmurlu
 91.00 , 15.40 ,Yagmurlu
 91.00 , 15.40 ,Yagmurlu
 91.00 , 15.40 ,Yagmurlu
 91.00 , 15.40 ,Yagmurlu
 91.00 , 15.40 ,Yagmurlu
 91.00 , 15.40 ,Yagmurlu
 91.00 , 15.50 ,Yagmurlu
 91.00 , 15.50 ,Yagmurlu
 91.00 , 15.50 ,Yagmurlu
 91.00 , 15.50 ,Yagmurlu
 91.00 , 15.50 ,Yagmurlu
 91.00 , 15.50 ,Yagmurlu
 91.00 , 15.50 ,Yagmurlu
 91.00 , 15.50 ,Yagmurlu
 91.00 , 15.40 ,Yagmurlu
 91.00 , 15.40 ,Yagmurlu
 91.00 , 15.60 ,Yagmurlu
 91.00 , 15.60 ,Yagmurlu
 91.00 , 15.50 ,Yagmurlu
 91.00 , 15.50 ,Yagmurlu
 91.00 , 15.60 ,Yagmurlu
 91.00 , 15.60 ,Yagmurlu
 91.00 , 15.60 ,Yagmurlu
 91.00 , 15.60 ,Yagmurlu
 91.00 , 15.70 ,Yagmurlu
 91.00 , 15.70 ,Yagmurlu
 91.00 , 15.80 ,Yagmurlu
 91.00 , 15.80 ,Yagmurlu
 91.00 , 15.80 ,Yagmurlu
 91.00 , 15.80 ,Yagmurlu
 91.00 , 15.80 ,Yagmurlu
 91.00 , 15.80 ,Yagmurlu
 91.00 , 15.80 ,Yagmurlu
 91.00 , 15.80 ,Yagmurlu
 91.00 , 15.80 ,Yagmurlu
 91.00 , 15.80 ,Yagmurlu
 91.00 , 15.90 ,Yagmurlu
 91.00 , 15.90 ,Yagmurlu
 91.00 , 15.80 ,Yagmurlu
 91.00 , 15.80 ,Yagmurlu
 91.00 , 15.90 ,Yagmurlu
 91.00 , 15.90 ,Yagmurlu
 91.00 , 15.80 ,Yagmurlu
 91.00 , 15.80 ,Yagmurlu
 91.00 , 15.70 ,Yagmurlu
 91.00 , 15.70 ,Yagmurlu
 91.00 , 15.90 ,Yagmurlu
 91.00 , 15.90 ,Yagmurlu
 91.00 , 15.90 ,Yagmurlu
 91.00 , 15.90 ,Yagmurlu
 91.00 , 15.70 ,Yagmurlu
 91.00 , 15.70 ,Yagmurlu
 91.00 , 15.80 ,Yagmurlu
 91.00 , 15.80 ,Yagmurlu
 91.00 , 15.80 ,Yagmurlu
 91.00 , 15.80 ,Yagmurlu
 91.00 , 15.80 ,Yagmurlu
 91.00 , 15.80 ,Yagmurlu
 91.00 , 15.80 ,Yagmurlu
 91.00 , 15.80 ,Yagmurlu
 91.00 , 15.70 ,Yagmurlu
 91.00 , 15.70 ,Yagmurlu
 91.00 , 15.70 ,Yagmurlu
 91.00 , 15.70 ,Yagmurlu
 91.00 , 15.70 ,Yagmurlu
 91.00 , 15.70 ,Yagmurlu
 91.00 , 15.70 ,Yagmurlu
 91.00 , 15.70 ,Yagmurlu
 91.00 , 15.60 ,Yagmurlu
 91.00 , 15.60 ,Yagmurlu
 91.00 , 15.70 ,Yagmurlu
 91.00 , 15.70 ,Yagmurlu
 91.00 , 15.60 ,Yagmurlu
 91.00 , 15.60 ,Yagmurlu
 91.00 , 15.60 ,Yagmurlu
 91.00 , 15.60 ,Yagmurlu
 91.00 , 15.60 ,Yagmurlu
 91.00 , 15.60 ,Yagmurlu
 91.00 , 15.60 ,Yagmurlu
 91.00 , 15.60 ,Yagmurlu
 91.00 , 15.60 ,Yagmurlu
 91.00 , 15.60 ,Yagmurlu
 91.00 , 15.60 ,Yagmurlu
 91.00 , 15.60 ,Yagmurlu
 91.00 , 15.50 ,Yagmurlu
 91.00 , 15.50 ,Yagmurlu
 91.00 , 15.60 ,Yagmurlu
 91.00 , 15.60 ,Yagmurlu
 91.00 , 15.60 ,Yagmurlu
61.00,17.60,Gunesli
60.00,17.60,Gunesli
60.00,17.60,Gunesli
61.00,17.50,Gunesli
61.00,17.50,Gunesli
61.00,17.40,Gunesli
61.00,17.40,Gunesli
61.00,17.40,Gunesli
61.00,17.40,Gunesli
61.00,17.40,Gunesli
61.00,17.40,Gunesli
61.00,17.40,Gunesli
61.00,17.40,Gunesli
62.00,17.30,Gunesli
62.00,17.30,Gunesli
62.00,17.30,Gunesli
62.00,17.30,Gunesli
62.00,17.20,Gunesli
62.00,17.20,Gunesli
62.00,17.20,Gunesli
62.00,17.20,Gunesli
62.00,17.20,Gunesli
62.00,17.20,Gunesli
62.00,17.30,Gunesli
62.00,17.30,Gunesli
62.00,17.20,Gunesli
62.00,17.20,Gunesli
63.00,17.00,Gunesli
63.00,17.00,Gunesli
63.00,17.00,Gunesli
63.00,17.00,Gunesli
63.00,17.00,Gunesli
63.00,17.00,Gunesli
63.00,16.90,Gunesli
63.00,16.90,Gunesli
63.00,16.90,Gunesli
64.00,16.90,Gunesli
64.00,16.90,Gunesli
64.00,16.90,Gunesli
64.00,16.90,Gunesli
64.00,16.80,Gunesli
64.00,16.80,Gunesli
64.00,16.90,Gunesli
64.00,16.90,Gunesli
64.00,16.90,Gunesli
64.00,16.90,Gunesli
64.00,16.90,Gunesli
64.00,16.90,Gunesli
64.00,16.80,Gunesli
64.00,16.80,Gunesli
64.00,16.90,Gunesli
64.00,16.90,Gunesli
64.00,16.90,Gunesli
64.00,16.90,Gunesli
64.00,16.90,Gunesli
64.00,16.90,Gunesli
64.00,17.00,Gunesli
64.00,17.00,Gunesli
64.00,17.00,Gunesli
64.00,17.00,Gunesli
64.00,17.20,Gunesli
64.00,17.20,Gunesli
64.00,17.30,Gunesli
64.00,17.30,Gunesli
64.00,17.20,Gunesli
64.00,17.20,Gunesli
64.00,17.20,Gunesli
64.00,17.20,Gunesli
64.00,17.30,Gunesli
64.00,17.30,Gunesli
63.00,17.20,Gunesli
63.00,17.20,Gunesli
63.00,17.30,Gunesli
63.00,17.30,Gunesli
63.00,17.30,Gunesli
63.00,17.30,Gunesli
64.00,17.20,Gunesli
64.00,17.20,Gunesli
64.00,17.30,Gunesli
64.00,17.30,Gunesli
63.00,17.20,Gunesli
63.00,17.20,Gunesli
64.00,17.20,Gunesli
64.00,17.20,Gunesli
64.00,17.20,Gunesli
64.00,17.20,Gunesli
64.00,17.20,Gunesli
64.00,17.20,Gunesli
64.00,17.20,Gunesli
64.00,17.20,Gunesli
64.00,17.20,Gunesli
64.00,17.20,Gunesli
63.00,17.20,Gunesli
63.00,17.20,Gunesli
64.00,17.30,Gunesli
64.00,17.30,Gunesli
63.00,17.20,Gunesli
63.00,17.20,Gunesli
63.00,17.30,Gunesli
63.00,17.30,Gunesli
63.00,17.20,Gunesli
63.00,17.20,Gunesli
63.00,17.30,Gunesli
63.00,17.30,Gunesli
63.00,17.30,Gunesli
63.00,17.30,Gunesli
63.00,17.30,Gunesli
63.00,17.30,Gunesli
63.00,17.30,Gunesli
63.00,17.30,Gunesli
63.00,17.30,Gunesli
63.00,17.30,Gunesli
63.00,17.30,Gunesli
63.00,17.30,Gunesli
63.00,17.30,Gunesli
63.00,17.30,Gunesli
63.00,17.40,Gunesli
63.00,17.40,Gunesli
63.00,17.40,Gunesli
63.00,17.40,Gunesli
63.00,17.40,Gunesli
63.00,17.40,Gunesli
63.00,17.30,Gunesli
63.00,17.30,Gunesli
63.00,17.30,Gunesli
63.00,17.30,Gunesli
63.00,17.20,Gunesli
63.00,17.20,Gunesli
63.00,17.20,Gunesli
63.00,17.20,Gunesli
63.00,17.00,Gunesli
63.00,17.00,Gunesli
64.00,17.00,Gunesli
64.00,17.00,Gunesli
64.00,17.00,Gunesli
64.00,17.00,Gunesli
63.00,17.00,Gunesli
63.00,17.00,Gunesli
64.00,16.90,Gunesli
64.00,16.90,Gunesli
64.00,16.90,Gunesli
64.00,16.90,Gunesli
64.00,16.80,Gunesli
64.00,16.80,Gunesli
64.00,16.80,Gunesli
64.00,16.80,Gunesli
64.00,16.90,Gunesli
64.00,16.90,Gunesli
64.00,16.80,Gunesli
64.00,16.80,Gunesli
64.00,16.80,Gunesli
64.00,16.80,Gunesli
65.00,16.70,Gunesli
65.00,16.70,Gunesli
65.00,16.80,Gunesli
65.00,16.80,Gunesli
65.00,16.70,Gunesli
65.00,16.70,Gunesli
65.00,16.70,Gunesli
65.00,16.70,Gunesli
65.00,16.70,Gunesli
65.00,16.70,Gunesli
65.00,16.70,Gunesli
65.00,16.70,Gunesli
65.00,16.80,Gunesli
65.00,16.80,Gunesli
65.00,16.70,Gunesli
65.00,16.70,Gunesli
65.00,16.70,Gunesli
65.00,16.70,Gunesli
65.00,16.70,Gunesli
65.00,16.70,Gunesli
65.00,16.60,Gunesli
65.00,16.60,Gunesli
65.00,16.60,Gunesli
65.00,16.60,Gunesli
65.00,16.60,Gunesli
65.00,16.60,Gunesli
65.00,16.40,Gunesli
65.00,16.40,Gunesli
65.00,16.50,Gunesli
65.00,16.50,Gunesli
65.00,16.60,Gunesli
65.00,16.60,Gunesli
66.00,16.60,Gunesli
66.00,16.60,Gunesli
66.00,16.40,Gunesli
66.00,16.40,Gunesli
65.00,16.50,Gunesli
65.00,16.50,Gunesli
66.00,16.50,Gunesli
66.00,16.50,Gunesli
66.00,16.50,Gunesli
66.00,16.50,Gunesli
66.00,16.50,Gunesli
66.00,16.50,Gunesli
66.00,16.60,Gunesli
66.00,16.60,Gunesli
66.00,16.60,Gunesli
66.00,16.60,Gunesli
66.00,16.60,Gunesli
66.00,16.60,Gunesli
66.00,16.60,Gunesli
66.00,16.60,Gunesli
66.00,16.60,Gunesli
66.00,16.60,Gunesli
66.00,16.70,Gunesli
66.00,16.70,Gunesli
66.00,16.70,Gunesli
66.00,16.70,Gunesli
66.00,16.70,Gunesli
66.00,16.70,Gunesli
66.00,16.70,Gunesli
66.00,16.70,Gunesli
66.00,16.70,Gunesli
66.00,16.70,Gunesli
65.00,16.80,Gunesli
65.00,16.80,Gunesli
66.00,16.80,Gunesli
66.00,16.80,Gunesli
66.00,16.80,Gunesli
66.00,16.80,Gunesli
65.00,16.80,Gunesli
65.00,16.80,Gunesli
65.00,16.90,Gunesli
65.00,16.90,Gunesli
65.00,16.90,Gunesli
65.00,16.90,Gunesli
65.00,16.90,Gunesli
65.00,16.90,Gunesli
65.00,16.90,Gunesli
65.00,16.90,Gunesli
65.00,16.90,Gunesli
65.00,16.90,Gunesli
65.00,16.90,Gunesli
65.00,16.90,Gunesli
65.00,16.90,Gunesli
65.00,16.90,Gunesli
65.00,17.00,Gunesli
65.00,17.00,Gunesli
65.00,16.90,Gunesli
65.00,16.90,Gunesli
65.00,17.00,Gunesli
65.00,17.00,Gunesli
65.00,17.00,Gunesli
65.00,17.00,Gunesli
65.00,17.00,Gunesli
65.00,17.00,Gunesli
65.00,17.00,Gunesli
65.00,17.00,Gunesli
65.00,16.90,Gunesli
65.00,16.90,Gunesli
65.00,17.00,Gunesli
65.00,17.00,Gunesli
65.00,17.00,Gunesli
65.00,17.00,Gunesli
65.00,16.90,Gunesli
65.00,16.90,Gunesli
65.00,16.90,Gunesli
65.00,16.90,Gunesli
65.00,16.90,Gunesli
65.00,16.90,Gunesli
65.00,16.80,Gunesli
65.00,16.80,Gunesli
66.00,16.70,Gunesli
66.00,16.70,Gunesli
66.00,16.70,Gunesli
66.00,16.70,Gunesli
66.00,16.70,Gunesli
66.00,16.70,Gunesli
66.00,16.60,Gunesli
66.00,16.60,Gunesli
66.00,16.60,Gunesli
66.00,16.60,Gunesli
66.00,16.50,Gunesli
66.00,16.50,Gunesli
66.00,16.60,Gunesli
66.00,16.60,Gunesli
66.00,16.60,Gunesli
66.00,16.60,Gunesli
66.00,16.60,Gunesli
66.00,16.60,Gunesli
66.00,16.60,Gunesli
66.00,16.60,Gunesli
66.00,16.60,Gunesli
66.00,16.60,Gunesli
66.00,16.60,Gunesli
66.00,16.60,Gunesli
67.00,16.70,Gunesli
67.00,16.70,Gunesli
66.00,16.60,Gunesli
66.00,16.60,Gunesli
67.00,16.70,Gunesli
67.00,16.70,Gunesli
67.00,16.60,Gunesli
67.00,16.60,Gunesli
66.00,16.60,Gunesli
66.00,16.60,Gunesli
67.00,16.70,Gunesli
67.00,16.70,Gunesli
67.00,16.70,Gunesli
67.00,16.70,Gunesli
67.00,16.70,Gunesli
67.00,16.70,Gunesli
67.00,16.70,Gunesli
67.00,16.70,Gunesli
67.00,16.70,Gunesli
67.00,16.70,Gunesli
66.00,16.60,Gunesli
66.00,16.60,Gunesli
66.00,16.70,Gunesli
66.00,16.70,Gunesli
67.00,16.70,Gunesli
67.00,16.70,Gunesli
66.00,16.70,Gunesli
66.00,16.70,Gunesli
66.00,16.70,Gunesli
66.00,16.70,Gunesli
67.00,16.70,Gunesli
67.00,16.70,Gunesli
67.00,16.80,Gunesli
67.00,16.80,Gunesli
67.00,16.70,Gunesli
67.00,16.70,Gunesli
66.00,16.70,Gunesli
66.00,16.70,Gunesli
66.00,16.60,Gunesli
66.00,16.60,Gunesli
66.00,16.70,Gunesli
66.00,16.70,Gunesli
66.00,16.60,Gunesli
66.00,16.60,Gunesli
66.00,16.70,Gunesli
66.00,16.70,Gunesli
66.00,16.60,Gunesli
66.00,16.60,Gunesli
67.00,16.60,Gunesli
67.00,16.60,Gunesli
67.00,16.60,Gunesli
67.00,16.60,Gunesli
66.00,16.50,Gunesli
66.00,16.50,Gunesli
67.00,16.50,Gunesli
67.00,16.50,Gunesli
67.00,16.60,Gunesli
67.00,16.60,Gunesli
67.00,16.60,Gunesli
67.00,16.60,Gunesli
67.00,16.60,Gunesli
67.00,16.60,Gunesli
67.00,16.60,Gunesli
67.00,16.60,Gunesli
67.00,16.60,Gunesli
67.00,16.60,Gunesli
67.00,16.50,Gunesli
67.00,16.50,Gunesli
68.00,16.40,Gunesli
68.00,16.40,Gunesli
67.00,16.50,Gunesli
67.00,16.50,Gunesli
68.00,16.40,Gunesli
68.00,16.40,Gunesli
68.00,16.40,Gunesli
68.00,16.40,Gunesli
68.00,16.30,Gunesli
68.00,16.30,Gunesli
68.00,16.40,Gunesli
68.00,16.40,Gunesli
68.00,16.30,Gunesli
68.00,16.30,Gunesli
68.00,16.40,Gunesli
68.00,16.40,Gunesli
68.00,16.40,Gunesli
68.00,16.40,Gunesli
68.00,16.30,Gunesli
68.00,16.30,Gunesli
68.00,16.40,Gunesli
68.00,16.40,Gunesli
68.00,16.30,Gunesli
68.00,16.30,Gunesli
68.00,16.30,Gunesli
68.00,16.30,Gunesli
68.00,16.30,Gunesli
68.00,16.30,Gunesli
68.00,16.30,Gunesli
68.00,16.30,Gunesli
68.00,16.30,Gunesli
68.00,16.30,Gunesli
68.00,16.40,Gunesli
68.00,16.40,Gunesli
68.00,16.30,Gunesli
68.00,16.30,Gunesli
68.00,16.30,Gunesli
68.00,16.30,Gunesli
68.00,16.30,Gunesli
68.00,16.30,Gunesli
69.00,16.30,Gunesli
69.00,16.30,Gunesli
69.00,16.30,Gunesli
69.00,16.30,Gunesli
69.00,16.30,Gunesli
69.00,16.30,Gunesli
69.00,16.30,Gunesli
69.00,16.30,Gunesli
69.00,16.30,Gunesli
69.00,16.30,Gunesli
69.00,16.20,Gunesli
69.00,16.20,Gunesli
69.00,16.00,Gunesli
69.00,16.00,Gunesli
69.00,16.20,Gunesli
69.00,16.20,Gunesli
70.00,16.20,Gunesli
70.00,16.20,Gunesli
70.00,16.00,Gunesli
70.00,16.00,Gunesli
70.00,16.00,Gunesli
70.00,16.00,Gunesli
70.00,16.00,Gunesli
70.00,16.00,Gunesli
71.00,16.00,Gunesli
71.00,16.00,Gunesli
71.00,16.00,Gunesli
71.00,16.00,Gunesli
71.00,16.00,Gunesli
71.00,16.00,Gunesli
71.00,16.00,Gunesli
71.00,16.00,Gunesli
71.00,16.00,Gunesli
71.00,16.00,Gunesli
71.00,16.00,Gunesli
71.00,16.00,Gunesli
70.00,15.90,Gunesli
70.00,15.90,Gunesli
70.00,15.90,Gunesli
70.00,15.90,Gunesli
70.00,15.90,Gunesli
70.00,15.90,Gunesli
70.00,15.90,Gunesli
70.00,15.90,Gunesli
71.00,15.90,Gunesli
71.00,15.90,Gunesli
71.00,15.90,Gunesli
71.00,15.90,Gunesli
71.00,15.90,Gunesli
71.00,15.90,Gunesli
71.00,15.80,Gunesli
71.00,15.80,Gunesli
71.00,15.90,Gunesli
71.00,15.90,Gunesli
71.00,15.70,Gunesli
71.00,15.70,Gunesli
71.00,15.90,Gunesli
71.00,15.90,Gunesli
71.00,15.90,Gunesli
71.00,15.90,Gunesli
71.00,15.90,Gunesli
71.00,15.90,Gunesli
71.00,15.90,Gunesli
71.00,15.90,Gunesli
71.00,15.90,Gunesli
71.00,15.90,Gunesli
71.00,15.90,Gunesli
71.00,15.90,Gunesli
71.00,15.90,Gunesli
71.00,15.90,Gunesli
72.00,16.00,Gunesli
72.00,16.00,Gunesli
72.00,16.00,Gunesli
72.00,16.00,Gunesli
72.00,16.00,Gunesli
72.00,16.00,Gunesli
72.00,16.00,Gunesli
72.00,16.00,Gunesli
72.00,16.00,Gunesli
72.00,16.00,Gunesli
72.00,16.00,Gunesli
72.00,16.00,Gunesli
72.00,16.00,Gunesli
72.00,16.00,Gunesli
72.00,16.00,Gunesli
72.00,16.00,Gunesli
72.00,16.00,Gunesli
72.00,16.00,Gunesli
72.00,16.00,Gunesli
72.00,16.00,Gunesli
71.00,15.90,Gunesli
71.00,15.90,Gunesli
72.00,16.00,Gunesli
72.00,16.00,Gunesli
72.00,16.00,Gunesli
72.00,16.00,Gunesli
72.00,16.00,Gunesli
72.00,16.00,Gunesli
72.00,16.00,Gunesli
72.00,16.00,Gunesli
72.00,16.00,Gunesli
72.00,16.00,Gunesli
71.00,15.90,Gunesli
71.00,15.90,Gunesli
71.00,15.90,Gunesli
71.00,15.90,Gunesli
71.00,15.90,Gunesli
71.00,15.90,Gunesli
71.00,15.90,Gunesli
71.00,15.90,Gunesli
71.00,15.90,Gunesli
71.00,15.90,Gunesli
71.00,15.90,Gunesli
71.00,15.90,Gunesli
72.00,15.80,Gunesli
72.00,15.80,Gunesli
72.00,15.80,Gunesli
72.00,15.80,Gunesli
72.00,15.80,Gunesli
72.00,15.80,Gunesli
72.00,15.90,Gunesli
72.00,15.90,Gunesli
72.00,15.80,Gunesli
72.00,15.80,Gunesli
72.00,15.80,Gunesli
72.00,15.80,Gunesli
72.00,15.90,Gunesli
72.00,15.90,Gunesli
72.00,15.80,Gunesli
72.00,15.80,Gunesli
72.00,15.70,Gunesli
72.00,15.70,Gunesli
72.00,15.70,Gunesli
72.00,15.70,Gunesli
72.00,15.80,Gunesli
72.00,15.80,Gunesli
72.00,15.70,Gunesli
72.00,15.70,Gunesli
72.00,15.80,Gunesli
72.00,15.80,Gunesli
72.00,15.90,Gunesli
72.00,15.90,Gunesli
72.00,15.90,Gunesli
72.00,15.90,Gunesli
72.00,15.90,Gunesli
72.00,15.90,Gunesli
72.00,15.90,Gunesli
72.00,15.90,Gunesli
72.00,15.90,Gunesli
72.00,15.90,Gunesli
72.00,15.90,Gunesli
72.00,15.90,Gunesli
73.00,16.00,Gunesli
73.00,16.00,Gunesli
72.00,15.90,Gunesli
72.00,15.90,Gunesli
73.00,16.00,Gunesli
73.00,16.00,Gunesli
71.00,15.90,Gunesli
71.00,15.90,Gunesli
73.00,16.00,Gunesli
73.00,16.00,Gunesli
72.00,15.90,Gunesli
72.00,15.90,Gunesli
73.00,16.00,Gunesli
73.00,16.00,Gunesli
72.00,15.90,Gunesli
72.00,15.90,Gunesli
73.00,16.00,Gunesli
73.00,16.00,Gunesli
73.00,16.00,Gunesli
73.00,16.00,Gunesli
73.00,16.00,Gunesli
73.00,16.00,Gunesli
73.00,16.00,Gunesli
73.00,16.00,Gunesli
73.00,16.00,Gunesli
73.00,16.00,Gunesli
73.00,16.00,Gunesli
73.00,16.00,Gunesli
73.00,16.00,Gunesli
73.00,16.00,Gunesli
73.00,16.00,Gunesli
73.00,16.00,Gunesli
73.00,16.00,Gunesli
73.00,16.00,Gunesli
73.00,16.00,Gunesli
73.00,16.00,Gunesli
73.00,16.00,Gunesli
73.00,16.00,Gunesli
73.00,16.00,Gunesli
73.00,16.00,Gunesli
72.00,15.90,Gunesli
72.00,15.90,Gunesli
73.00,16.00,Gunesli
73.00,16.00,Gunesli
72.00,15.90,Gunesli
72.00,15.90,Gunesli
71.00,15.90,Gunesli
71.00,15.90,Gunesli
73.00,16.00,Gunesli
73.00,16.00,Gunesli
72.00,16.00,Gunesli
72.00,16.00,Gunesli
73.00,16.00,Gunesli
73.00,16.00,Gunesli
72.00,16.00,Gunesli
72.00,16.00,Gunesli
72.00,16.00,Gunesli
72.00,16.00,Gunesli
72.00,16.00,Gunesli
72.00,16.00,Gunesli
72.00,16.00,Gunesli
72.00,16.00,Gunesli
72.00,16.00,Gunesli
72.00,16.00,Gunesli
71.00,15.90,Gunesli
71.00,15.90,Gunesli
72.00,16.00,Gunesli
72.00,16.00,Gunesli
71.00,15.90,Gunesli
71.00,15.90,Gunesli
72.00,16.00,Gunesli
72.00,16.00,Gunesli
72.00,16.00,Gunesli
72.00,16.00,Gunesli
71.00,15.90,Gunesli
71.00,15.90,Gunesli
71.00,15.90,Gunesli
71.00,15.90,Gunesli
71.00,15.90,Gunesli
71.00,15.90,Gunesli
71.00,15.90,Gunesli
71.00,15.90,Gunesli
71.00,16.00,Gunesli
71.00,16.00,Gunesli
71.00,16.00,Gunesli
71.00,16.00,Gunesli
71.00,16.00,Gunesli
71.00,16.00,Gunesli
72.00,16.00,Gunesli
72.00,16.00,Gunesli
71.00,15.90,Gunesli
71.00,15.90,Gunesli
71.00,15.90,Gunesli
71.00,15.90,Gunesli
71.00,15.90,Gunesli
71.00,15.90,Gunesli
71.00,15.90,Gunesli
71.00,15.90,Gunesli
71.00,15.80,Gunesli
71.00,15.80,Gunesli
71.00,15.80,Gunesli
71.00,15.80,Gunesli
71.00,15.80,Gunesli
71.00,15.80,Gunesli
71.00,15.80,Gunesli
71.00,15.80,Gunesli
71.00,15.90,Gunesli
71.00,15.90,Gunesli
71.00,15.90,Gunesli
71.00,15.90,Gunesli
70.00,15.80,Gunesli
70.00,15.80,Gunesli
71.00,15.90,Gunesli
71.00,15.90,Gunesli
71.00,15.80,Gunesli
71.00,15.80,Gunesli
71.00,15.80,Gunesli
71.00,15.80,Gunesli
71.00,15.90,Gunesli
71.00,15.90,Gunesli
71.00,15.90,Gunesli
71.00,15.90,Gunesli
71.00,15.90,Gunesli
71.00,15.90,Gunesli
71.00,15.90,Gunesli
71.00,15.90,Gunesli
71.00,15.90,Gunesli
71.00,15.90,Gunesli
71.00,15.80,Gunesli
71.00,15.80,Gunesli
71.00,15.90,Gunesli
71.00,15.90,Gunesli
71.00,15.80,Gunesli
71.00,15.80,Gunesli
71.00,15.90,Gunesli
71.00,15.90,Gunesli
71.00,15.90,Gunesli
71.00,15.90,Gunesli
71.00,15.80,Gunesli
71.00,15.80,Gunesli
71.00,15.90,Gunesli
71.00,15.90,Gunesli
71.00,15.90,Gunesli
71.00,15.90,Gunesli
73.00,16.00,Gunesli
73.00,16.00,Gunesli
73.00,16.00,Gunesli
73.00,16.00,Gunesli
72.00,15.90,Gunesli
72.00,15.90,Gunesli
72.00,16.00,Gunesli
72.00,16.00,Gunesli
72.00,15.90,Gunesli
72.00,15.90,Gunesli
72.00,16.00,Gunesli
72.00,16.00,Gunesli
72.00,16.00,Gunesli
72.00,16.00,Gunesli
72.00,16.00,Gunesli
72.00,16.00,Gunesli
72.00,15.90,Gunesli
72.00,15.90,Gunesli
73.00,16.00,Gunesli
73.00,16.00,Gunesli
72.00,15.90,Gunesli
72.00,15.90,Gunesli
73.00,16.00,Gunesli
73.00,16.00,Gunesli
73.00,16.00,Gunesli
73.00,16.00,Gunesli
73.00,16.00,Gunesli
73.00,16.00,Gunesli
73.00,16.00,Gunesli
73.00,16.00,Gunesli
73.00,16.00,Gunesli
73.00,16.00,Gunesli
73.00,16.00,Gunesli
73.00,16.00,Gunesli
73.00,16.00,Gunesli
73.00,16.00,Gunesli
73.00,16.00,Gunesli
73.00,16.00,Gunesli
72.00,16.00,Gunesli
72.00,16.00,Gunesli
73.00,16.00,Gunesli
73.00,16.00,Gunesli
73.00,16.00,Gunesli
73.00,16.00,Gunesli
72.00,16.00,Gunesli
72.00,16.00,Gunesli
73.00,16.00,Gunesli
73.00,16.00,Gunesli
72.00,16.00,Gunesli
72.00,16.00,Gunesli
72.00,16.00,Gunesli
72.00,16.00,Gunesli
72.00,16.00,Gunesli
72.00,16.00,Gunesli
72.00,16.00,Gunesli
72.00,16.00,Gunesli
72.00,16.00,Gunesli
72.00,16.00,Gunesli
72.00,16.00,Gunesli
72.00,16.00,Gunesli
72.00,16.00,Gunesli
72.00,16.00,Gunesli
73.00,16.00,Gunesli
73.00,16.00,Gunesli
73.00,16.00,Gunesli
73.00,16.00,Gunesli
72.00,16.00,Gunesli
72.00,16.00,Gunesli
72.00,16.00,Gunesli
72.00,16.00,Gunesli
72.00,16.00,Gunesli
72.00,16.00,Gunesli
72.00,16.00,Gunesli
72.00,16.00,Gunesli
72.00,16.00,Gunesli
72.00,16.00,Gunesli
71.00,15.90,Gunesli
71.00,15.90,Gunesli
72.00,16.00,Gunesli
72.00,16.00,Gunesli
72.00,16.00,Gunesli
72.00,16.00,Gunesli
72.00,16.00,Gunesli
72.00,16.00,Gunesli
72.00,16.00,Gunesli
72.00,16.00,Gunesli
72.00,16.00,Gunesli
72.00,16.00,Gunesli
72.00,16.20,Gunesli
72.00,16.20,Gunesli
72.00,16.20,Gunesli
72.00,16.20,Gunesli
70.00,16.20,Gunesli
70.00,16.20,Gunesli
69.00,16.30,Gunesli
69.00,16.30,Gunesli
69.00,16.20,Gunesli
69.00,16.20,Gunesli
69.00,16.20,Gunesli
69.00,16.20,Gunesli
69.00,16.20,Gunesli
69.00,16.20,Gunesli
69.00,16.20,Gunesli
69.00,16.20,Gunesli
69.00,16.20,Gunesli
69.00,16.20,Gunesli
69.00,16.30,Gunesli
69.00,16.30,Gunesli
69.00,16.20,Gunesli
69.00,16.20,Gunesli
68.00,16.30,Gunesli
68.00,16.30,Gunesli
69.00,16.30,Gunesli
69.00,16.30,Gunesli
69.00,16.20,Gunesli
69.00,16.20,Gunesli
69.00,16.20,Gunesli
69.00,16.20,Gunesli
69.00,16.30,Gunesli
69.00,16.30,Gunesli
69.00,16.20,Gunesli
69.00,16.20,Gunesli
69.00,16.30,Gunesli
69.00,16.30,Gunesli
69.00,16.30,Gunesli
69.00,16.30,Gunesli
69.00,16.30,Gunesli
69.00,16.30,Gunesli
69.00,16.30,Gunesli
69.00,16.30,Gunesli
69.00,16.30,Gunesli
69.00,16.30,Gunesli
69.00,16.30,Gunesli
69.00,16.30,Gunesli
69.00,16.30,Gunesli
69.00,16.30,Gunesli
69.00,16.40,Gunesli
69.00,16.40,Gunesli
69.00,16.40,Gunesli
69.00,16.40,Gunesli
69.00,16.40,Gunesli
69.00,16.40,Gunesli
69.00,16.40,Gunesli
69.00,16.40,Gunesli
69.00,16.40,Gunesli
69.00,16.40,Gunesli
69.00,16.40,Gunesli
69.00,16.40,Gunesli
69.00,16.40,Gunesli
69.00,16.40,Gunesli
69.00,16.40,Gunesli
69.00,16.40,Gunesli
69.00,16.40,Gunesli
69.00,16.40,Gunesli
69.00,16.40,Gunesli
69.00,16.40,Gunesli
69.00,16.30,Gunesli
69.00,16.30,Gunesli
69.00,16.40,Gunesli
69.00,16.40,Gunesli
69.00,16.40,Gunesli
69.00,16.40,Gunesli
69.00,16.40,Gunesli
69.00,16.40,Gunesli
69.00,16.30,Gunesli
69.00,16.30,Gunesli
69.00,16.40,Gunesli
69.00,16.40,Gunesli
69.00,16.30,Gunesli
69.00,16.30,Gunesli
69.00,16.40,Gunesli
69.00,16.40,Gunesli
69.00,16.40,Gunesli
69.00,16.40,Gunesli
69.00,16.40,Gunesli
69.00,16.40,Gunesli
69.00,16.40,Gunesli
69.00,16.40,Gunesli
69.00,16.40,Gunesli
69.00,16.40,Gunesli
69.00,16.50,Gunesli
69.00,16.50,Gunesli
69.00,16.40,Gunesli
69.00,16.40,Gunesli
68.00,16.40,Gunesli
68.00,16.40,Gunesli
69.00,16.40,Gunesli
69.00,16.40,Gunesli
69.00,16.40,Gunesli
69.00,16.40,Gunesli
69.00,16.40,Gunesli
69.00,16.40,Gunesli
69.00,16.40,Gunesli
69.00,16.40,Gunesli
69.00,16.40,Gunesli
69.00,16.40,Gunesli
69.00,16.40,Gunesli
69.00,16.40,Gunesli
69.00,16.40,Gunesli
69.00,16.40,Gunesli
69.00,16.50,Gunesli
69.00,16.50,Gunesli
69.00,16.50,Gunesli
69.00,16.50,Gunesli
69.00,16.50,Gunesli
69.00,16.50,Gunesli
69.00,16.40,Gunesli
69.00,16.40,Gunesli
69.00,16.50,Gunesli
69.00,16.50,Gunesli
69.00,16.60,Gunesli
69.00,16.60,Gunesli
69.00,16.60,Gunesli
69.00,16.60,Gunesli
69.00,16.40,Gunesli
69.00,16.40,Gunesli
69.00,16.50,Gunesli
69.00,16.50,Gunesli
69.00,16.50,Gunesli
69.00,16.50,Gunesli
69.00,16.50,Gunesli
69.00,16.50,Gunesli
69.00,16.50,Gunesli
69.00,16.50,Gunesli
69.00,16.40,Gunesli
69.00,16.40,Gunesli
69.00,16.40,Gunesli
69.00,16.40,Gunesli
69.00,16.50,Gunesli
69.00,16.50,Gunesli
69.00,16.50,Gunesli
69.00,16.50,Gunesli
69.00,16.50,Gunesli
69.00,16.50,Gunesli
68.00,16.40,Gunesli
68.00,16.40,Gunesli
69.00,16.40,Gunesli
69.00,16.40,Gunesli
69.00,16.50,Gunesli
69.00,16.50,Gunesli
69.00,16.50,Gunesli
69.00,16.50,Gunesli
68.00,16.40,Gunesli
68.00,16.40,Gunesli
68.00,16.40,Gunesli
68.00,16.40,Gunesli
68.00,16.40,Gunesli
68.00,16.40,Gunesli
68.00,16.40,Gunesli
68.00,16.40,Gunesli
68.00,16.30,Gunesli
68.00,16.30,Gunesli
67.00,16.30,Gunesli
67.00,16.30,Gunesli
67.00,16.30,Gunesli
67.00,16.30,Gunesli
67.00,16.20,Gunesli
67.00,16.20,Gunesli
67.00,16.20,Gunesli
67.00,16.20,Gunesli
68.00,16.00,Gunesli
68.00,16.00,Gunesli
68.00,16.00,Gunesli
68.00,16.00,Gunesli
69.00,16.00,Gunesli
69.00,16.00,Gunesli
67.00,15.90,Gunesli
67.00,15.90,Gunesli
67.00,15.80,Gunesli
67.00,15.80,Gunesli
67.00,15.80,Gunesli
67.00,15.80,Gunesli
67.00,15.80,Gunesli
67.00,15.80,Gunesli
67.00,15.90,Gunesli
67.00,15.90,Gunesli
66.00,15.80,Gunesli
66.00,15.80,Gunesli
67.00,15.90,Gunesli
67.00,15.90,Gunesli
67.00,15.90,Gunesli
67.00,15.90,Gunesli
67.00,15.80,Gunesli
67.00,15.80,Gunesli
67.00,15.70,Gunesli
67.00,15.70,Gunesli
66.00,15.80,Gunesli
66.00,15.80,Gunesli
66.00,15.70,Gunesli
66.00,15.70,Gunesli
66.00,15.70,Gunesli
66.00,15.70,Gunesli
66.00,15.70,Gunesli
66.00,15.70,Gunesli
66.00,15.60,Gunesli
66.00,15.60,Gunesli
66.00,15.60,Gunesli
66.00,15.60,Gunesli
66.00,15.60,Gunesli
66.00,15.60,Gunesli
66.00,15.60,Gunesli
66.00,15.60,Gunesli
66.00,15.70,Gunesli
66.00,15.70,Gunesli
67.00,15.60,Gunesli
67.00,15.60,Gunesli
67.00,15.60,Gunesli
67.00,15.60,Gunesli
67.00,15.50,Gunesli
67.00,15.50,Gunesli
68.00,15.50,Gunesli
68.00,15.50,Gunesli
68.00,15.50,Gunesli
68.00,15.50,Gunesli
68.00,15.50,Gunesli
68.00,15.50,Gunesli
68.00,15.50,Gunesli
68.00,15.50,Gunesli
67.00,15.40,Gunesli
67.00,15.40,Gunesli
67.00,15.40,Gunesli
67.00,15.40,Gunesli
67.00,15.50,Gunesli
67.00,15.50,Gunesli
68.00,15.40,Gunesli
68.00,15.40,Gunesli
68.00,15.50,Gunesli
68.00,15.50,Gunesli
68.00,15.40,Gunesli
68.00,15.40,Gunesli
68.00,15.40,Gunesli
68.00,15.40,Gunesli
68.00,15.40,Gunesli
68.00,15.40,Gunesli
68.00,15.40,Gunesli
68.00,15.40,Gunesli
68.00,15.40,Gunesli
68.00,15.40,Gunesli
69.00,15.40,Gunesli
69.00,15.40,Gunesli
68.00,15.50,Gunesli
68.00,15.50,Gunesli
68.00,15.40,Gunesli
68.00,15.40,Gunesli
68.00,15.40,Gunesli
68.00,15.40,Gunesli
68.00,15.40,Gunesli
68.00,15.40,Gunesli
69.00,15.40,Gunesli
69.00,15.40,Gunesli
69.00,15.40,Gunesli
69.00,15.40,Gunesli
69.00,15.40,Gunesli
69.00,15.40,Gunesli
68.00,15.40,Gunesli
68.00,15.40,Gunesli
68.00,15.50,Gunesli
68.00,15.50,Gunesli
68.00,15.60,Gunesli
68.00,15.60,Gunesli
68.00,15.50,Gunesli
68.00,15.50,Gunesli
68.00,15.60,Gunesli
68.00,15.60,Gunesli
67.00,15.50,Gunesli
67.00,15.50,Gunesli
68.00,15.50,Gunesli
68.00,15.50,Gunesli
68.00,15.50,Gunesli
68.00,15.50,Gunesli
68.00,15.50,Gunesli
68.00,15.50,Gunesli
67.00,15.60,Gunesli
67.00,15.60,Gunesli
68.00,15.60,Gunesli
68.00,15.60,Gunesli
68.00,15.60,Gunesli
68.00,15.60,Gunesli
68.00,15.60,Gunesli
68.00,15.60,Gunesli
68.00,15.70,Gunesli
68.00,15.70,Gunesli
68.00,15.70,Gunesli
68.00,15.70,Gunesli
68.00,15.70,Gunesli
68.00,15.70,Gunesli
67.00,15.70,Gunesli
67.00,15.70,Gunesli
67.00,15.70,Gunesli
67.00,15.70,Gunesli
67.00,15.60,Gunesli
67.00,15.60,Gunesli
67.00,15.60,Gunesli
67.00,15.60,Gunesli
67.00,15.70,Gunesli
67.00,15.70,Gunesli
66.00,15.60,Gunesli
66.00,15.60,Gunesli
66.00,15.60,Gunesli
66.00,15.60,Gunesli
66.00,15.60,Gunesli
66.00,15.60,Gunesli
66.00,15.60,Gunesli
66.00,15.60,Gunesli
66.00,15.60,Gunesli
66.00,15.60,Gunesli
66.00,15.60,Gunesli
66.00,15.60,Gunesli
66.00,15.70,Gunesli
66.00,15.70,Gunesli
66.00,15.60,Gunesli
66.00,15.60,Gunesli
66.00,15.60,Gunesli
66.00,15.60,Gunesli
66.00,15.70,Gunesli
66.00,15.70,Gunesli
66.00,15.70,Gunesli
66.00,15.70,Gunesli
67.00,15.70,Gunesli
67.00,15.70,Gunesli
67.00,15.70,Gunesli
67.00,15.70,Gunesli
67.00,15.70,Gunesli
67.00,15.70,Gunesli
67.00,15.70,Gunesli
67.00,15.70,Gunesli
66.00,15.70,Gunesli
66.00,15.70,Gunesli
66.00,15.70,Gunesli
66.00,15.70,Gunesli
66.00,15.70,Gunesli
66.00,15.70,Gunesli
66.00,15.70,Gunesli
66.00,15.70,Gunesli
66.00,15.70,Gunesli
66.00,15.70,Gunesli
66.00,15.70,Gunesli
66.00,15.70,Gunesli
66.00,15.60,Gunesli
66.00,15.60,Gunesli
66.00,15.60,Gunesli
66.00,15.60,Gunesli
66.00,15.70,Gunesli
66.00,15.70,Gunesli
67.00,15.70,Gunesli
67.00,15.70,Gunesli
67.00,15.70,Gunesli
67.00,15.70,Gunesli
67.00,15.70,Gunesli
67.00,15.70,Gunesli
67.00,15.70,Gunesli
67.00,15.70,Gunesli
67.00,15.70,Gunesli
67.00,15.70,Gunesli
67.00,15.70,Gunesli
67.00,15.70,Gunesli
67.00,15.70,Gunesli
67.00,15.70,Gunesli
67.00,15.80,Gunesli
67.00,15.80,Gunesli
67.00,15.80,Gunesli
67.00,15.80,Gunesli
67.00,15.70,Gunesli
67.00,15.70,Gunesli
67.00,15.80,Gunesli
67.00,15.80,Gunesli
67.00,15.80,Gunesli
67.00,15.80,Gunesli
67.00,15.80,Gunesli
67.00,15.80,Gunesli
67.00,15.80,Gunesli
67.00,15.80,Gunesli
67.00,15.80,Gunesli
67.00,15.80,Gunesli
67.00,15.80,Gunesli
67.00,15.80,Gunesli
67.00,15.80,Gunesli
67.00,15.80,Gunesli
68.00,15.80,Gunesli
68.00,15.80,Gunesli
67.00,15.80,Gunesli
67.00,15.80,Gunesli
67.00,15.90,Gunesli
67.00,15.90,Gunesli
67.00,15.90,Gunesli
67.00,15.90,Gunesli
67.00,15.90,Gunesli
67.00,15.90,Gunesli
67.00,15.70,Gunesli
67.00,15.70,Gunesli
67.00,15.80,Gunesli
67.00,15.80,Gunesli
68.00,15.80,Gunesli
68.00,15.80,Gunesli
68.00,15.70,Gunesli
68.00,15.70,Gunesli
68.00,15.70,Gunesli
68.00,15.70,Gunesli
68.00,15.70,Gunesli
68.00,15.70,Gunesli
68.00,15.80,Gunesli
68.00,15.80,Gunesli
68.00,15.80,Gunesli
68.00,15.80,Gunesli
69.00,15.70,Gunesli
69.00,15.70,Gunesli
69.00,15.70,Gunesli
69.00,15.70,Gunesli
69.00,15.70,Gunesli
69.00,15.70,Gunesli
69.00,15.70,Gunesli
69.00,15.70,Gunesli
69.00,15.70,Gunesli
69.00,15.70,Gunesli
69.00,15.60,Gunesli
69.00,15.60,Gunesli
69.00,15.60,Gunesli
69.00,15.60,Gunesli
69.00,15.70,Gunesli
69.00,15.70,Gunesli
69.00,15.70,Gunesli
69.00,15.70,Gunesli
70.00,15.70,Gunesli
70.00,15.70,Gunesli
70.00,15.70,Gunesli
70.00,15.70,Gunesli
70.00,15.70,Gunesli
70.00,15.70,Gunesli
70.00,15.60,Gunesli
70.00,15.60,Gunesli
70.00,15.70,Gunesli
70.00,15.70,Gunesli
70.00,15.60,Gunesli
70.00,15.60,Gunesli
70.00,15.60,Gunesli
70.00,15.60,Gunesli
70.00,15.60,Gunesli
70.00,15.60,Gunesli
70.00,15.50,Gunesli
70.00,15.50,Gunesli
70.00,15.60,Gunesli
70.00,15.60,Gunesli
70.00,15.60,Gunesli
70.00,15.60,Gunesli
70.00,15.60,Gunesli
70.00,15.60,Gunesli
70.00,15.60,Gunesli
70.00,15.60,Gunesli
69.00,15.60,Gunesli
69.00,15.60,Gunesli
70.00,15.50,Gunesli
70.00,15.50,Gunesli
70.00,15.60,Gunesli
70.00,15.60,Gunesli
70.00,15.50,Gunesli
70.00,15.50,Gunesli
70.00,15.60,Gunesli
70.00,15.60,Gunesli
70.00,15.60,Gunesli
70.00,15.60,Gunesli
70.00,15.60,Gunesli
70.00,15.60,Gunesli
70.00,15.60,Gunesli
70.00,15.60,Gunesli
70.00,15.60,Gunesli
70.00,15.60,Gunesli
70.00,15.60,Gunesli
70.00,15.60,Gunesli
70.00,15.70,Gunesli
70.00,15.70,Gunesli
70.00,15.70,Gunesli
70.00,15.70,Gunesli
70.00,15.70,Gunesli
70.00,15.70,Gunesli
70.00,15.70,Gunesli
70.00,15.70,Gunesli
70.00,15.70,Gunesli
70.00,15.70,Gunesli
69.00,15.80,Gunesli
69.00,15.80,Gunesli
70.00,15.80,Gunesli
70.00,15.80,Gunesli
70.00,15.90,Gunesli
70.00,15.90,Gunesli
70.00,15.70,Gunesli
70.00,15.70,Gunesli
69.00,15.90,Gunesli
69.00,15.90,Gunesli
69.00,15.90,Gunesli
69.00,15.90,Gunesli
69.00,15.90,Gunesli
69.00,15.90,Gunesli
69.00,15.90,Gunesli
69.00,15.90,Gunesli
70.00,15.80,Gunesli
70.00,15.80,Gunesli
70.00,15.90,Gunesli
70.00,15.90,Gunesli
70.00,15.90,Gunesli
70.00,15.90,Gunesli
70.00,15.90,Gunesli
70.00,15.90,Gunesli
71.00,16.00,Gunesli
71.00,16.00,Gunesli
70.00,15.90,Gunesli
70.00,15.90,Gunesli
70.00,16.00,Gunesli
70.00,16.00,Gunesli
70.00,16.00,Gunesli
70.00,16.00,Gunesli
70.00,16.00,Gunesli
70.00,16.00,Gunesli
70.00,16.00,Gunesli
70.00,16.00,Gunesli
70.00,16.00,Gunesli
70.00,16.00,Gunesli
70.00,16.00,Gunesli
70.00,16.00,Gunesli
70.00,16.00,Gunesli
70.00,16.00,Gunesli
69.00,15.90,Gunesli
69.00,15.90,Gunesli
70.00,16.00,Gunesli
70.00,16.00,Gunesli
69.00,15.90,Gunesli
69.00,15.90,Gunesli
69.00,15.90,Gunesli
69.00,15.90,Gunesli
70.00,15.70,Gunesli
70.00,15.70,Gunesli
69.00,15.80,Gunesli
69.00,15.80,Gunesli
69.00,15.70,Gunesli
69.00,15.70,Gunesli
69.00,15.80,Gunesli
69.00,15.80,Gunesli
69.00,15.70,Gunesli
69.00,15.70,Gunesli
69.00,15.70,Gunesli
69.00,15.70,Gunesli
69.00,15.80,Gunesli
69.00,15.80,Gunesli
69.00,15.70,Gunesli
69.00,15.70,Gunesli
69.00,15.80,Gunesli
69.00,15.80,Gunesli
69.00,15.80,Gunesli
69.00,15.80,Gunesli
69.00,15.70,Gunesli
69.00,15.70,Gunesli
69.00,15.70,Gunesli
69.00,15.70,Gunesli
70.00,15.60,Gunesli
70.00,15.60,Gunesli
69.00,15.70,Gunesli
69.00,15.70,Gunesli
70.00,15.60,Gunesli
70.00,15.60,Gunesli
70.00,15.60,Gunesli
70.00,15.60,Gunesli
70.00,15.60,Gunesli
70.00,15.60,Gunesli
70.00,15.60,Gunesli
70.00,15.60,Gunesli
70.00,15.60,Gunesli
70.00,15.60,Gunesli
70.00,15.60,Gunesli
70.00,15.60,Gunesli
70.00,15.50,Gunesli
70.00,15.50,Gunesli
70.00,15.50,Gunesli
70.00,15.50,Gunesli
70.00,15.40,Gunesli
70.00,15.40,Gunesli
70.00,15.40,Gunesli
70.00,15.40,Gunesli
70.00,15.30,Gunesli
70.00,15.30,Gunesli
70.00,15.40,Gunesli
70.00,15.40,Gunesli
70.00,15.40,Gunesli
70.00,15.40,Gunesli
70.00,15.40,Gunesli
70.00,15.40,Gunesli
70.00,15.40,Gunesli
70.00,15.40,Gunesli
70.00,15.40,Gunesli
70.00,15.40,Gunesli
70.00,15.40,Gunesli
70.00,15.40,Gunesli
71.00,15.50,Gunesli
71.00,15.50,Gunesli
70.00,15.40,Gunesli
70.00,15.40,Gunesli
71.00,15.50,Gunesli
71.00,15.50,Gunesli
71.00,15.50,Gunesli
71.00,15.50,Gunesli
71.00,15.50,Gunesli
71.00,15.50,Gunesli
71.00,15.40,Gunesli
71.00,15.40,Gunesli
70.00,15.30,Gunesli
70.00,15.30,Gunesli
70.00,15.40,Gunesli
70.00,15.40,Gunesli
70.00,15.40,Gunesli
70.00,15.40,Gunesli
70.00,15.30,Gunesli
70.00,15.30,Gunesli
70.00,15.30,Gunesli
70.00,15.30,Gunesli
70.00,15.30,Gunesli
70.00,15.30,Gunesli
70.00,15.30,Gunesli
70.00,15.30,Gunesli
70.00,15.40,Gunesli
70.00,15.40,Gunesli
70.00,15.30,Gunesli
70.00,15.30,Gunesli
70.00,15.30,Gunesli
70.00,15.30,Gunesli
70.00,15.30,Gunesli
70.00,15.30,Gunesli
70.00,15.30,Gunesli
70.00,15.30,Gunesli
70.00,15.40,Gunesli
70.00,15.40,Gunesli
70.00,15.30,Gunesli
70.00,15.30,Gunesli
70.00,15.40,Gunesli
70.00,15.40,Gunesli
70.00,15.20,Gunesli
70.00,15.20,Gunesli
70.00,15.30,Gunesli
70.00,15.30,Gunesli
70.00,15.20,Gunesli
70.00,15.20,Gunesli
70.00,15.20,Gunesli
70.00,15.20,Gunesli
71.00,15.20,Gunesli
71.00,15.20,Gunesli
71.00,15.30,Gunesli
71.00,15.30,Gunesli
71.00,15.30,Gunesli
71.00,15.30,Gunesli
71.00,15.20,Gunesli
71.00,15.20,Gunesli
70.00,15.20,Gunesli
70.00,15.20,Gunesli
71.00,15.20,Gunesli
71.00,15.20,Gunesli
71.00,15.20,Gunesli
71.00,15.20,Gunesli
71.00,15.20,Gunesli
71.00,15.20,Gunesli
71.00,15.30,Gunesli
71.00,15.30,Gunesli
71.00,15.40,Gunesli
71.00,15.40,Gunesli
71.00,15.30,Gunesli
71.00,15.30,Gunesli
73.00,15.30,Gunesli
73.00,15.30,Gunesli
73.00,15.40,Gunesli
73.00,15.40,Gunesli
